filename,channel_num,channel_letter,channel_chamber,ID,average_speed,total_flight_time,distance,shortest_flying_bout,longest_flying_bout,portion_flying,total_duration,max_speed
set001-11am-10-15-19-A1.txt,1,A,A-1,329,0.2864744921201801,757.6,204.19749999999922,0,757.6,0.8417777777777778,900.0,0.3926874999999979
set001-11am-10-15-19-A2.txt,2,A,A-2,372,0,0,0,0,0,0,900.0,0
set001-11am-10-15-19-A3.txt,3,A,A-3,37,0,0,0,0,0,0,900.0,0
set001-11am-10-15-19-A4.txt,4,A,A-4,303,0,0,0.6283,0,0,0,900.0,0
set001-11am-10-15-19-B1.txt,1,B,B-1,259,0,0,0,0,0,0,900.0,0
set001-11am-10-15-19-B2.txt,2,B,B-2,89,0.31019544834470114,894.4,275.1953999999996,0,894.4,0.9937777777777778,900.0,0.3926875000000005
set001-11am-10-15-19-B3.txt,3,B,B-3,354,0,0,0,0,0,0,900.0,0
set001-11am-10-15-19-B4.txt,4,B,B-4,158,0,0,0,0,0,0,900.0,0
set003-10-15-19-A1.txt,1,A,A-1,30,0,0,0,0,0,0,1449.4,0
set003-10-15-19-A2.txt,2,A,A-2,141,0,0,0,0,0,0,1449.4,0
set003-10-15-19-A3.txt,3,A,A-3,313,0.21452372685185023,0,1.8849,0,0,0,1449.4,0.19634375000000068
set003-10-15-19-A4.txt,4,A,A-4,82,0,0,0,0,0,0,1449.4,0
set003-10-15-19-B1.txt,1,B,B-1,402,0,0,0,0,0,0,1504.3,0
set003-10-15-19-B2.txt,2,B,B-2,86,0,0,0,0,0,0,1504.3,0
set003-10-15-19-B3.txt,3,B,B-3,58,0,0,0.6283,0,0,0,1504.3,0
set003-10-15-19-B4.txt,4,B,B-4,132,0.23074673304831775,581.1999999999999,93.61669999999994,82.0,97.5,0.38635910390214717,1504.3,1.0471666666668253
set004-10-15-19-A1.txt,1,A,A-1,262,0.3190967890483377,1326.7,16.335799999999995,70.60000000000002,1205.5,0.7370555555555556,1800.0,0.7853749999999888
set004-10-15-19-A2.txt,2,A,A-2,105,0,0,0,0,0,0,1800.0,0
set004-10-15-19-A3.txt,3,A,A-3,237,0,0,0,0,0,0,1800.0,0
set004-10-15-19-A4.txt,4,A,A-4,328,0.1752532679603428,1192.6,28.901799999999984,64.80000000000001,936.4999999999999,0.6625555555555555,1800.0,0.28559090909090906
set005-10-16-19-A1.txt,1,A,A-1,99,0.41690866763583156,548.8,219.90499999999912,0,548.8,0.3048888888888889,1800.0,0.5235833333334127
set005-10-16-19-A2.txt,2,A,A-2,346,0.16833645735438924,1525.0000000000002,6.911300000000001,0,1498.6000000000001,0.8472222222222223,1800.0,0.25132
set005-10-16-19-A3.txt,3,A,A-3,201,0.39268749999999997,0,3.1414999999999997,0,0,0,1800.0,0.6283
set005-10-16-19-A4.txt,4,A,A-4,238,0.1258359943977593,577.6000000000001,4.3980999999999995,0,571.6000000000001,0.32088888888888895,1800.0,0.14959523809523648
set005-10-16-19-B1.txt,1,B,B-1,296,0.18559283138715632,1645.5000000000002,4.3980999999999995,0,1640.8000000000002,0.9141666666666668,1800.0,0.19039393939393937
set005-10-16-19-B2.txt,2,B,B-2,255,0,0,0.6283,0,0,0,1800.0,0
set005-10-16-19-B3.txt,3,B,B-3,110,0,0,0,0,0,0,1800.0,0
set005-10-16-19-B4.txt,4,B,B-4,383,0,0,0,0,0,0,1800.0,0
set006-10-16-19-A1.txt,1,A,A-1,312,0.21208691836730775,546.8000000000001,30.158399999999983,0,370.4,0.3037777777777778,1800.0,0.8975714285714271
set006-10-16-19-A2.txt,2,A,A-2,261,0.3383139294040066,1763.7,584.319000000005,0,1763.7,0.9798333333333333,1800.0,0.4833076923076986
set006-10-16-19-A3.txt,3,A,A-3,405,0,0,0,0,0,0,1800.0,0
set006-10-16-19-A4.txt,4,A,A-4,113,0.2492389696374158,1737.1,427.8723000000055,0,1737.1,0.9650555555555556,1800.0,0.34905555555556433
set006-10-16-19-B1.txt,1,B,B-1,47,0,0,0,0,0,0,1800.0,0
set006-10-16-19-B2.txt,2,B,B-2,254,0,0,0,0,0,0,1800.0,0
set006-10-16-19-B3.txt,3,B,B-3,257,0.18240078130961196,1336.8,5.6547,283.1,615.5,0.7426666666666666,1800.0,0.23270370370370466
set006-10-16-19-B4.txt,4,B,B-4,15,0.2166551724137932,0,1.8849,0,0,0,1800.0,0
set007-10-16-19-A1.txt,1,A,A-1,253,0.18587956732766064,1586.0,14.450899999999995,0,1449.9,0.8811111111111111,1800.0,0.39268750000000135
set007-10-16-19-A2.txt,2,A,A-2,373,0,0,0,0,0,0,1800.0,0
set007-10-16-19-A3.txt,3,A,A-3,31,0,0,0,0,0,0,1800.0,0
set007-10-16-19-A4.txt,4,A,A-4,223,0.2180579533001614,1792.3000000000002,376.98000000000354,0,1792.3000000000002,0.9957222222222223,1800.0,0.3926874999999665
set008-10-16-19-A1.txt,1,A,A-1,139,0.2451188567003931,192.39999999999986,8.7962,131.29999999999995,131.29999999999995,0.10688888888888881,1800.0,0.4487857142856851
set008-10-16-19-A2.txt,2,A,A-2,53,0,0,0,0,0,0,1800.0,0
set008-10-16-19-A3.txt,3,A,A-3,407,0,0,0,0,0,0,1800.0,0
set008-10-16-19-A4.txt,4,A,A-4,326,0.160617451626799,73.50000000000004,12.565999999999997,0,34.200000000000045,0.04083333333333336,1800.0,0.23270370370370344
set008-10-16-19-B1.txt,1,B,B-1,191,0,0,0,0,0,0,1800.0,0
set008-10-16-19-B2.txt,2,B,B-2,310,0.30127669055695394,977.8,7.539600000000001,0,971.5,0.5432222222222222,1800.0,0.6283
set008-10-16-19-B3.txt,3,B,B-3,299,0.21450968825968872,487.49999999999994,3.7697999999999996,0,483.90000000000003,0.2708333333333333,1800.0,0.29919047619047295
set008-10-16-19-B4.txt,4,B,B-4,missing ID,0,0,0,0,0,0,1800.0,0
set009-10-17-19-A1.txt,1,A,A-1,334,0.1771367890746753,7.699999999999818,4.3980999999999995,0,4.2999999999999545,0.0042777777777776764,1800.0,0.22439285714284254
set009-10-17-19-A2.txt,2,A,A-2,198,0,0,0,0,0,0,1800.0,0
set009-10-17-19-A3.txt,3,A,A-3,295,0.4333699002832286,1714.3999999999999,732.5977999999973,0,1711.1,0.9524444444444443,1800.0,0.5711818181818359
set009-10-17-19-A4.txt,4,A,A-4,424,0,0,0,0,0,0,1800.0,0
set009-10-17-19-B1.txt,1,B,B-1,203,0,0,0,0,0,0,1800.0,0
set009-10-17-19-B2.txt,2,B,B-2,131,0,0,0.6283,0,0,0,1800.0,0
set009-10-17-19-B3.txt,3,B,B-3,98,0,0,0,0,0,0,1800.0,0
set009-10-17-19-B4.txt,4,B,B-4,300,0.4653802082732225,56.30000000000001,4.3980999999999995,0,48.69999999999999,0.031277777777777786,1800.0,0.897571428571516
set010-10-17-19-A1.txt,1,A,A-1,279,0.3655921000475244,1305.9,300.3274000000006,107.79999999999994,600.9,0.7255,1800.0,0.5235833333333332
set010-10-17-19-A2.txt,2,A,A-2,318,0.12905138213970915,326.60000000000025,33.92819999999999,110.90000000000009,155.20000000000005,0.18144444444444457,1800.0,0.23270370370370957
set010-10-17-19-A3.txt,3,A,A-3,17,0.28559090909090873,0,1.8849,0,0,0,1800.0,0
set010-10-17-19-A4.txt,4,A,A-4,285,0.5890312500000194,0,1.8849,0,0,0,1800.0,0.7853750000000446
set012-10-17-19-A1.txt,1,A,A-1,332,0.3325289011596206,1796.8999999999999,574.2662000000055,0,1796.8999999999999,0.9982777777777777,1800.0,0.5711818181818211
set012-10-17-19-A2.txt,2,A,A-2,149,0,0,0.6283,0,0,0,1800.0,0
set012-10-17-19-A3.txt,3,A,A-3,226,0.26007890959282265,540.5999999999999,6.911300000000001,0,532.3,0.3003333333333333,1800.0,0.34905555555555606
set012-10-17-19-A4.txt,4,A,A-4,287,0,0,0.6283,0,0,0,1800.0,0
set012-10-17-19-B1.txt,1,B,B-1,386,0,0,0,0,0,0,1800.0,0
set012-10-17-19-B2.txt,2,B,B-2,101,0.37660487428282385,1796.8,670.3961000000005,0,1796.8,0.9982222222222222,1800.0,0.483307692307692
set012-10-17-19-B3.txt,3,B,B-3,13,0,0,0,0,0,0,1800.0,0
set012-10-17-19-B4.txt,4,B,B-4,41,0,0,0,0,0,0,1800.0,0
set013-10-17-19-A1.txt,1,A,A-1,298,0,0,1.2566,0,0,0,1800.0,0
set013-10-17-19-A2.txt,2,A,A-2,64,0,0,0.6283,0,0,0,1800.0,0
set013-10-17-19-A3.txt,3,A,A-3,197,0,0,1.2566,0,0,0,1800.0,0
set013-10-17-19-A4.txt,4,A,A-4,258,0,0,0.6283,0,0,0,1800.0,0
set013-10-17-19-B1.txt,1,B,B-1,321,0,0,0,0,0,0,1800.0,0
set013-10-17-19-B2.txt,2,B,B-2,390,0,0,0,0,0,0,1800.0,0
set013-10-17-19-B3.txt,3,B,B-3,339,0.2631760334841734,1793.8999999999999,464.94200000000694,0,1793.8999999999999,0.996611111111111,1800.0,0.33068421052631974
set013-10-17-19-B4.txt,4,B,B-4,33,0,0,1.2566,0,0,0,1800.0,0
set014-10-17-19-A1.txt,1,A,A-1,21,0,0,0,0,0,0,1800.0,0
set014-10-17-19-A2.txt,2,A,A-2,264,0.19039393939393873,0,4.3980999999999995,0,0,0,1800.0,0
set014-10-17-19-A3.txt,3,A,A-3,269,0,0,0,0,0,0,1800.0,0
set014-10-17-19-A4.txt,4,A,A-4,155,0.1494339715346225,29.399999999999956,9.4245,0,13.100000000000001,0.016333333333333307,1800.0,0.21665517241379306
set014-10-17-19-B1.txt,1,B,B-1,381,0,0,0,0,0,0,1800.0,0
set014-10-17-19-B2.txt,2,B,B-2,387,0.22101169072138274,779.1999999999999,11.937699999999998,0,742.3,0.4328888888888889,1800.0,0.29919047619047623
set014-10-17-19-B3.txt,3,B,B-3,68,0.4132420937356424,224.8,89.21859999999997,224.8,224.8,0.1248888888888889,1800.0,1.2566
set014-10-17-19-B4.txt,4,B,B-4,116,0.29097255976338277,319.1,23.87539999999999,71.29999999999998,240.80000000000007,0.17727777777777778,1800.0,0.48330769230768805
set016-10-18-19-A1.txt,1,A,A-1,229,0,0,0,0,0,0,1800.0,0
set016-10-18-19-A2.txt,2,A,A-2,275,0,0,0,0,0,0,1800.0,0
set016-10-18-19-A3.txt,3,A,A-3,125,0.26543059292345356,526.3999999999999,81.67900000000002,67.39999999999998,232.29999999999995,0.2924444444444444,1800.0,0.3695882352941201
set016-10-18-19-A4.txt,4,A,A-4,120,0.37094516504252883,462.90000000000003,82.93560000000001,212.30000000000007,223.39999999999998,0.2571666666666667,1800.0,0.44878571428572156
set017-10-18-19-A1.txt,1,A,A-1,375,0,0,0.6283,0,0,0,1800.0,0
set017-10-18-19-A2.txt,2,A,A-2,331,0,0,0.6283,0,0,0,1800.0,0
set017-10-18-19-A3.txt,3,A,A-3,69,0,0,0,0,0,0,1800.0,0
set017-10-18-19-A4.txt,4,A,A-4,67,0.2812056783108851,24.70000000000001,5.6547,0,19.30000000000001,0.013722222222222228,1800.0,0.5711818181818064
set017-10-18-19-B1.txt,1,B,B-1,187,0,0,0,0,0,0,1800.0,0
set017-10-18-19-B2.txt,2,B,B-2,416,0.30609837217139274,421.10000000000014,13.194299999999997,0,363.3000000000002,0.2339444444444445,1800.0,0.4487857142856851
set017-10-18-19-B3.txt,3,B,B-3,95,0.4822180800754951,1796.7,853.231399999991,0,1796.7,0.9981666666666666,1800.0,0.6283
set017-10-18-19-B4.txt,4,B,B-4,102,0,0,0,0,0,0,1800.0,0
set018-10-18-19-A1.txt,1,A,A-1,34,0.20352455590386512,0,3.7697999999999996,0,0,0,1800.0,0.21665517241379478
set018-10-18-19-A2.txt,2,A,A-2,249,0.2552468749999999,0,1.8849,0,0,0,1800.0,0.19634374999999982
set018-10-18-19-A3.txt,3,A,A-3,126,0.4502338384409245,871.8999999999999,382.00640000000374,0,865.0999999999999,0.4843888888888888,1800.0,0.5711818181818359
set018-10-18-19-A4.txt,4,A,A-4,190,0,0,0,0,0,0,1800.0,0
set018-10-18-19-B1.txt,1,B,B-1,288,0.29501082151486285,942.0999999999999,13.194299999999997,155.1,783.1,0.5233888888888888,1800.0,0.5711818181817473
set018-10-18-19-B2.txt,2,B,B-2,290,0,0,0,0,0,0,1800.0,0
set018-10-18-19-B3.txt,3,B,B-3,39,0,0,0,0,0,0,1800.0,0
set018-10-18-19-B4.txt,4,B,B-4,78,0,0,0,0,0,0,1800.0,0
set019-10-18-19-A1.txt,1,A,A-1,221,0,0,0,0,0,0,1800.0,0
set019-10-18-19-A2.txt,2,A,A-2,81,0,0,0,0,0,0,1800.0,0
set019-10-18-19-A3.txt,3,A,A-3,302,0.44354049200111956,1796.3,787.8881999999944,0,1796.3,0.9979444444444444,1800.0,0.5711818181818359
set019-10-18-19-A4.txt,4,A,A-4,271,0.2148956433284381,13.299999999999955,2.5132,0,13.299999999999955,0.007388888888888863,1800.0,0.3926874999999665
set019-10-18-19-B1.txt,1,B,B-1,85,0,0,0,0,0,0,1800.0,0
set019-10-18-19-B2.txt,2,B,B-2,109,0.17765275576497447,1524.7,3.1414999999999997,0,1515.4,0.8470555555555556,1800.0,0.27317391304347827
set019-10-18-19-B3.txt,3,B,B-3,351,0.4574335442134515,1239.0,566.7266000000059,0,1236.1,0.6883333333333334,1800.0,0.5235833333334127
set019-10-18-19-B4.txt,4,B,B-4,235,0.19014134578043584,1671.2,305.3538000000008,0,1671.2,0.9284444444444445,1800.0,0.3306842105263148
set020-10-18-19-A1.txt,1,A,A-1,73,0,0,0,0,0,0,1800.0,0
set020-10-18-19-A2.txt,2,A,A-2,49,0.45014073537544824,1797.0,776.578799999995,0,1797.0,0.9983333333333333,1800.0,0.6283
set020-10-18-19-A3.txt,3,A,A-3,123,0,0,0,0,0,0,1800.0,0
set020-10-18-19-A4.txt,4,A,A-4,239,0,0,0,0,0,0,1800.0,0
set020-10-18-19-B1.txt,1,B,B-1,108,0,0,0.6283,0,0,0,1800.0,0
set020-10-18-19-B2.txt,2,B,B-2,276,0.44464894629986856,993.2,440.438300000006,0,993.2,0.5517777777777778,1800.0,0.5235833333334127
set020-10-18-19-B3.txt,3,B,B-3,92,0,0,0,0,0,0,1800.0,0
set020-10-18-19-B4.txt,4,B,B-4,103,0.18540172835926044,37.09999999999996,15.707499999999994,0,17.299999999999955,0.020611111111111087,1800.0,0.31415
set021-10-21-19-A1.txt,1,A,A-1,421,0,0,1.2566,0,0,0,1800.0,0
set021-10-21-19-A2.txt,2,A,A-2,129,0.28619062618955904,1794.0,493.21550000000803,0,1794.0,0.9966666666666667,1800.0,0.48330769230762466
set021-10-21-19-A3.txt,3,A,A-3,335,0,0,0,0,0,0,1800.0,0
set021-10-21-19-A4.txt,4,A,A-4,413,0,0,0,0,0,0,1800.0,0
set021-10-21-19-B1.txt,1,B,B-1,128,0,0,0,0,0,0,1800.0,0
set021-10-21-19-B2.txt,2,B,B-2,208,0,0,0,0,0,0,1800.0,0
set021-10-21-19-B3.txt,3,B,B-3,156,0,0,0,0,0,0,1800.0,0
set021-10-21-19-B4.txt,4,B,B-4,96,0.2828687018256301,1796.3000000000002,502.6400000000084,0,1796.3000000000002,0.9979444444444445,1800.0,0.39268749999999997
set022-10-21-19-A1.txt,1,A,A-1,136,0.178080824097754,1275.9,3.7697999999999996,0,1268.0,0.7088333333333334,1800.0,0.25132
set022-10-21-19-A2.txt,2,A,A-2,214,0,0,1.2566,0,0,0,1800.0,0
set022-10-21-19-A3.txt,3,A,A-3,152,0.2583289464823667,805.7,5.6547,0,801.6,0.4476111111111111,1800.0,0.33068421052631974
set022-10-21-19-A4.txt,4,A,A-4,330,0,0,0,0,0,0,1800.0,0
set022-10-21-19-B1.txt,1,B,B-1,134,0.16373797108797125,17.399999999999977,4.3980999999999995,0,9.200000000000045,0.009666666666666653,1800.0,0.20943333333333333
set022-10-21-19-B2.txt,2,B,B-2,272,0,0,0,0,0,0,1800.0,0
set022-10-21-19-B3.txt,3,B,B-3,204,0,0,0,0,0,0,1800.0,0
set022-10-21-19-B4.txt,4,B,B-4,391,0.14763350743745757,423.0999999999999,5.6547,0,412.4999999999999,0.23505555555555552,1800.0,0.18479411764706005
set023-10-21-19-A1.txt,1,A,A-1,48,0.1956418824003957,26.700000000000045,6.911300000000001,0,21.299999999999955,0.014833333333333358,1800.0,0.27317391304348365
set023-10-21-19-A2.txt,2,A,A-2,205,0.11750978037062451,0,2.5132,0,0,0,1800.0,0.1336808510638297
set023-10-21-19-A3.txt,3,A,A-3,348,0.23784434124769635,1706.9999999999998,379.49320000000364,87.59999999999991,1479.8,0.9483333333333333,1800.0,0.3695882352941201
set023-10-21-19-A4.txt,4,A,A-4,234,0,0,0,0,0,0,1800.0,0
set023-10-21-19-B1.txt,1,B,B-1,320,0,0,0,0,0,0,1800.0,0
set023-10-21-19-B2.txt,2,B,B-2,263,0,0,1.2566,0,0,0,1800.0,0
set023-10-21-19-B3.txt,3,B,B-3,376,0.4519991959512966,1797.8,807.3654999999934,0,1797.8,0.9987777777777778,1800.0,0.6283
set023-10-21-19-B4.txt,4,B,B-4,408,0.14556002546981317,731.3000000000001,4.3980999999999995,0,722.1,0.4062777777777778,1800.0,0.190393939393942
set024-10-21-19-A1.txt,1,A,A-1,54,0.21931635567721752,1496.4,5.0264,0,1483.0,0.8313333333333334,1800.0,0.31415
set024-10-21-19-A2.txt,2,A,A-2,76,0.1517575524833609,1119.4,3.1414999999999997,0,1113.3,0.6218888888888889,1800.0,0.1495952380952385
set024-10-21-19-A3.txt,3,A,A-3,189,0,0,0,0,0,0,1800.0,0
set024-10-21-19-A4.txt,4,A,A-4,270,0,0,0,0,0,0,1800.0,0
set025-10-21-19-A1.txt,1,A,A-1,286,0.219336459701246,1724.3000000000002,165.24289999999948,0,973.0000000000001,0.9579444444444446,1800.0,0.3306842105263395
set025-10-21-19-A2.txt,2,A,A-2,417,0.15482564252020634,715.9,5.6547,0,701.3,0.3977222222222222,1800.0,0.19039393939393873
set025-10-21-19-A3.txt,3,A,A-3,308,0.2319049432841136,728.0,10.681099999999999,0,689.8,0.40444444444444444,1800.0,0.4487857142857142
set025-10-21-19-A4.txt,4,A,A-4,154,0,0,0,0,0,0,1800.0,0
set026-10-21-19-A1.txt,1,A,A-1,111,0.18372520631763783,538.9000000000001,23.24709999999999,219.5,221.5,0.2993888888888889,1800.0,0.3306842105263157
set026-10-21-19-A2.txt,2,A,A-2,91,0.28554697746455643,1648.8,121.26189999999976,0,1231.4,0.9159999999999999,1800.0,0.3695882352941077
set026-10-21-19-A3.txt,3,A,A-3,404,0.2232387934561701,1087.1000000000001,9.4245,0,387.39999999999986,0.6039444444444445,1800.0,0.33068421052631974
set026-10-21-19-A4.txt,4,A,A-4,353,0,0,0,0,0,0,1800.0,0
set027-10-21-19-A1.txt,1,A,A-1,159,0.170732437597864,22.09999999999991,5.6547,0,22.09999999999991,0.012277777777777728,1800.0,0.190393939393942
set027-10-21-19-A2.txt,2,A,A-2,46,0.2564484076717214,374.90000000000003,3.7697999999999996,0,350.0,0.20827777777777778,1800.0,0.1653421052631574
set027-10-21-19-A3.txt,3,A,A-3,50,0.1879290178571432,0,5.0264,0,0,0,1800.0,0.1795142857142857
set027-10-21-19-A4.txt,4,A,A-4,84,0,0,0,0,0,0,1800.0,0
set027-10-21-19-B1.txt,1,B,B-1,12,0,0,0,0,0,0,1800.0,0
set027-10-21-19-B2.txt,2,B,B-2,213,0,0,0.6283,0,0,0,1800.0,0
set027-10-21-19-B3.txt,3,B,B-3,16,0,0,0,0,0,0,1800.0,0
set027-10-21-19-B4.txt,4,B,B-4,183,0.2253908845344548,842.1000000000001,38.32630000000001,78.10000000000001,376.5,0.46783333333333343,1800.0,0.6981111111110846
set028-10-21-19-A1.txt,1,A,A-1,18,0,0,0,0,0,0,1800.0,0
set028-10-21-19-A2.txt,2,A,A-2,59,0,0,0,0,0,0,1800.0,0
set028-10-21-19-A3.txt,3,A,A-3,337,0.10300000000000153,0,3.7697999999999996,0,0,0,1800.0,0
set028-10-21-19-A4.txt,4,A,A-4,319,0.45845536649145996,1796.3000000000002,821.8163999999927,0,1796.3000000000002,0.9979444444444445,1800.0,0.523583333333363
set028-10-21-19-B1.txt,1,B,B-1,311,0,0,1.2566,0,0,0,1800.0,0
set028-10-21-19-B2.txt,2,B,B-2,245,0.24387960526316976,0,2.5132,0,0,0,1800.0,0.157075
set028-10-21-19-B3.txt,3,B,B-3,252,0,0,0,0,0,0,1800.0,0
set028-10-21-19-B4.txt,4,B,B-4,284,0,0,0,0,0,0,1800.0,0
set029-10-21-19-A1.txt,1,A,A-1,323,0.3123923886489849,1797.3,549.7625000000068,0,1797.3,0.9984999999999999,1800.0,0.5235833333333328
set029-10-21-19-A2.txt,2,A,A-2,90,0.2798209096356208,279.90000000000003,6.283,132.0,143.1,0.15550000000000003,1800.0,0.5235833333333383
set029-10-21-19-A3.txt,3,A,A-3,340,0,0,0,0,0,0,1800.0,0
set029-10-21-19-A4.txt,4,A,A-4,65,0,0,0,0,0,0,1800.0,0
set029-10-21-19-B1.txt,1,B,B-1,336,0.20302291386977422,46.4,5.0264,0,32.8,0.025777777777777778,1800.0,0.24165384615384614
set029-10-21-19-B2.txt,2,B,B-2,343,0,0,0,0,0,0,1800.0,0
set029-10-21-19-B3.txt,3,B,B-3,409,0,0,0.6283,0,0,0,1800.0,0
set029-10-21-19-B4.txt,4,B,B-4,342,0,0,0,0,0,0,1800.0,0
set030-10-21-19-A1.txt,1,A,A-1,119,0.1571732332707942,0,1.8849,0,0,0,1800.0,0.15324390243902566
set030-10-21-19-A2.txt,2,A,A-2,2,0,0,0,0,0,0,1800.0,0
set030-10-21-19-A3.txt,3,A,A-3,380,0.34524319358948846,1791.7,615.1057000000034,0,1791.7,0.9953888888888889,1800.0,0.448785714285758
set030-10-21-19-A4.txt,4,A,A-4,missing ID,0,0,0,0,0,0,1800.0,0
set031-10-23-19-A1.txt,1,A,A-1,245,0,0,0.6283,0,0,0,3600.0,0
set031-10-23-19-A2.txt,2,A,A-2,333,0,0,1.2566,0,0,0,3600.0,0
set031-10-23-19-A3.txt,3,A,A-3,329,0.2182607209853673,3355.9000000000005,631.4415000000025,156.89999999999964,1672.1,0.9321944444444445,3600.0,0.4833076923076923
set031-10-23-19-A4.txt,4,A,A-4,226,0.20870489720051286,17.400000000000134,9.4245,0,11.299999999999997,0.00483333333333337,3600.0,0.33068421052631725
set031-10-23-19-B1.txt,1,B,B-1,103,0.27514121140444275,3468.7000000000003,887.1595999999893,0,1948.6000000000001,0.9635277777777779,3600.0,0.5235833333333321
set031-10-23-19-B2.txt,2,B,B-2,96,0.2582898780911734,3481.6,853.231399999991,0,3481.6,0.967111111111111,3600.0,0.3926875000000223
set031-10-23-19-B3.txt,3,B,B-3,109,0.306317762968496,66.70000000000016,20.73389999999999,0,30.200000000000045,0.018527777777777824,3600.0,0.5235833333333134
set031-10-23-19-B4.txt,4,B,B-4,390,0,0,1.2566,0,0,0,3600.0,0
set032-10-23-19-A1.txt,1,A,A-1,421,0,0,0,0,0,0,3600.0,0
set032-10-23-19-A2.txt,2,A,A-2,65,0,0,1.2566,0,0,0,3600.0,0
set032-10-23-19-A3.txt,3,A,A-3,125,0.20677494449542305,2586.6,277.0802999999997,0,1409.4,0.7185,3600.0,0.3926875000000223
set032-10-23-19-A4.txt,4,A,A-4,197,0.24208691756272402,2174.2999999999997,2.5132,0,2171.2,0.6039722222222221,3600.0,0.31415000000000004
set032-10-23-19-B1.txt,1,B,B-1,402,0,0,0,0,0,0,3600.0,0
set032-10-23-19-B2.txt,2,B,B-2,74,0,0,0.6283,0,0,0,3600.0,0
set032-10-23-19-B3.txt,3,B,B-3,235,0.3290028000642692,3507.1,990.8290999999839,266.7999999999997,2450.5,0.9741944444444445,3600.0,0.5235833333333134
set032-10-23-19-B4.txt,4,B,B-4,351,0.3768528158877078,3561.2999999999997,1332.624300000022,0,3561.2999999999997,0.98925,3600.0,0.4833076923077092
set033-10-23-19-A1.txt,1,A,A-1,319,0.4097827988640307,3594.8,1446.9749000000368,0,3594.8,0.9985555555555556,3600.0,0.6283
set033-10-23-19-A2.txt,2,A,A-2,262,0.2903122084434894,2938.0,18.848999999999993,214.70000000000005,2635.8999999999996,0.8161111111111111,3600.0,0.6283
set033-10-23-19-A3.txt,3,A,A-3,136,0.332159042428266,1285.3000000000002,422.2176000000053,0,1285.3000000000002,0.35702777777777783,3600.0,0.6981111111110405
set033-10-23-19-A4.txt,4,A,A-4,296,0.21023205121019697,1569.0999999999997,16.335799999999995,0,815.0999999999999,0.43586111111111103,3600.0,0.39268750000000135
set033-10-23-19-B1.txt,1,B,B-1,375,0,0,0,0,0,0,3600.0,0
set033-10-23-19-B2.txt,2,B,B-2,254,0,0,1.2566,0,0,0,3600.0,0
set033-10-23-19-B3.txt,3,B,B-3,missing ID,0,0,0,0,0,0,3600.0,0
set033-10-23-19-B4.txt,4,B,B-4,376,0.40157718624357686,3512.5000000000005,1362.1544000000258,0,2753.6000000000004,0.9756944444444445,3600.0,0.48330769230779375
set034-10-23-19-A1.txt,1,A,A-1,153,0,0,0,0,0,0,3600.0,0
set034-10-23-19-A2.txt,2,A,A-2,95,0.4843723487185848,2997.0,1424.3561000000338,0,2997.0,0.8325,3600.0,0.6283
set034-10-23-19-A3.txt,3,A,A-3,213,0,0,0,0,0,0,3600.0,0
set034-10-23-19-A4.txt,4,A,A-4,286,0.2610424381545002,3570.2999999999997,894.6991999999889,209.89999999999964,3360.4,0.9917499999999999,3600.0,0.31415
set034-10-23-19-B1.txt,1,B,B-1,300,0,0,0,0,0,0,3600.0,0
set034-10-23-19-B2.txt,2,B,B-2,280,0,0,0.6283,0,0,0,3600.0,0
set034-10-23-19-B3.txt,3,B,B-3,50,0.28971905572595524,1118.8,21.36219999999999,0,392.4000000000001,0.31077777777777776,3600.0,0.5235833333332143
set034-10-23-19-B4.txt,4,B,B-4,279,0.35890378132122713,3595.1,1270.422600000014,0,3595.1,0.9986388888888889,3600.0,0.48330769230768805
set035-10-23-19-B1.txt,1,B,B-1,58,0,0,0,0,0,0,3600.0,0
set035-10-23-19-B2.txt,2,B,B-2,91,0.27981650926518836,3595.5,989.572499999984,0,3595.5,0.99875,3600.0,0.41886666666666666
set035-10-23-19-B3.txt,3,B,B-3,276,0.4450314487596012,3574.6000000000004,1580.802800000054,0,3574.6000000000004,0.9929444444444445,3600.0,0.5711818181818359
set035-10-23-19-B4.txt,4,B,B-4,118,0.34592527500386727,407.3000000000002,3.1414999999999997,0,403.5999999999999,0.11313888888888894,3600.0,0.48330769230762466
set036-10-24-19-B1.txt,1,B,B-1,159,0,0,0,0,0,0,3600.0,0
set036-10-24-19-B2.txt,2,B,B-2,67,0.43207812105330673,1241.0,20.73389999999999,0,807.5,0.3447222222222222,3600.0,1.2566
set036-10-24-19-B3.txt,3,B,B-3,321,0,0,0,0,0,0,3600.0,0
set036-10-24-19-B4.txt,4,B,B-4,183,0.2758982513393716,3223.2,855.1162999999909,72.80000000000001,3046.7,0.8953333333333333,3600.0,0.4833076923076669
set037-10-24-19-A1.txt,1,A,A-1,49,0.4237762539458918,3597.4,1454.5145000000377,0,3597.4,0.9992777777777778,3600.0,0.6981111111111177
set037-10-24-19-A2.txt,2,A,A-2,323,0.31836988778669045,1369.0999999999997,332.99900000000184,234.79999999999993,825.4000000000001,0.38030555555555545,3600.0,0.44878571428583086
set037-10-24-19-A3.txt,3,A,A-3,107,0,0,0,0,0,0,3600.0,0
set037-10-24-19-A4.txt,4,A,A-4,320,0,0,0,0,0,0,3600.0,0
set037-10-24-19-B1.txt,1,B,B-1,380,0.26817551994620525,2999.3,746.4203999999966,0,2986.3,0.833138888888889,3600.0,0.41886666666666666
set037-10-24-19-B2.txt,2,B,B-2,208,0.5125474267718421,48.29999999999982,17.592399999999994,0,32.799999999999955,0.013416666666666617,3600.0,1.2566
set037-10-24-19-B3.txt,3,B,B-3,404,0.3769391148147852,2412.0,423.47420000000534,0,1274.8000000000002,0.67,3600.0,0.5235833333334127
set037-10-24-19-B4.txt,4,B,B-4,116,0.2985431190035946,3541.8,1019.1025999999824,0,3541.8,0.9838333333333333,3600.0,0.48330769230768805
set038-10-24-19-B1.txt,1,B,B-1,318,0.25132,0,3.1414999999999997,0,0,0,7200.0,0
set038-10-24-19-B2.txt,2,B,B-2,149,0.3515182596922492,2790.2,35.8131,0,1203.0,0.38752777777777775,7200.0,0.4833076923077092
set038-10-24-19-B3.txt,3,B,B-3,253,0.5711818181818654,0,1.8849,0,0,0,7200.0,0
set038-10-24-19-B4.txt,4,B,B-4,134,0.34762301757166664,2560.0999999999995,742.6505999999968,0,2187.5,0.3555694444444444,7200.0,0.44878571428583086
set039-10-24-19-A1.txt,1,A,A-1,203,0,0,0.6283,0,0,0,3600.0,0
set039-10-24-19-A2.txt,2,A,A-2,198,0.1336808510638285,0,3.1414999999999997,0,0,0,3600.0,0
set039-10-24-19-A3.txt,3,A,A-3,123,0.2171191685159586,23.400000000000045,6.911300000000001,0,20.7,0.006500000000000013,3600.0,0.28559090909090895
set039-10-24-19-A4.txt,4,A,A-4,282,0,0,0,0,0,0,3600.0,0
set039-10-24-19-B1.txt,1,B,B-1,66,0,0,0,0,0,0,3600.0,0
set039-10-24-19-B2.txt,2,B,B-2,343,0,0,0,0,0,0,3600.0,0
set039-10-24-19-B3.txt,3,B,B-3,68,0.22771122243789152,2051.4,187.86169999999933,0,792.8999999999996,0.5698333333333334,3600.0,0.4833076923077092
set039-10-24-19-B4.txt,4,B,B-4,69,0.3926875000000397,0,1.8849,0,0,0,3600.0,0.2617916666666668
set040-10-24-19-A1.txt,1,A,A-1,81,0.10994293974437205,0,1.8849,0,0,0,3600.0,0.11854716981132177
set040-10-24-19-A2.txt,2,A,A-2,263,0.2731739130434566,0,1.8849,0,0,0,3600.0,0
set040-10-24-19-A3.txt,3,A,A-3,229,0.33451157407406634,1662.0000000000002,4.3980999999999995,0,1238.4,0.4616666666666667,3600.0,0.3926875000000223
set040-10-24-19-A4.txt,4,A,A-4,92,0,0,0,0,0,0,3600.0,0
set041-10-25-19-A1.txt,1,A,A-1,48,0,0,0,0,0,0,3600.0,0
set041-10-25-19-A2.txt,2,A,A-2,330,0.5263360491335727,3598.0,1885.5283000000934,0,3598.0,0.9994444444444445,3600.0,0.6283
set041-10-25-19-A3.txt,3,A,A-3,129,0.30228778737244494,1493.0999999999995,95.50159999999993,0,433.5,0.41474999999999984,3600.0,0.44878571428583086
set041-10-25-19-A4.txt,4,A,A-4,99,0.31323007222457283,2704.7999999999997,10.0528,0,2692.7,0.7513333333333333,3600.0,0.3926875000000223
set041-10-25-19-B1.txt,1,B,B-1,223,0.20242151352231766,7.5,1.8849,0,7.5,0.0020833333333333333,3600.0,0.2617916666666567
set041-10-25-19-B2.txt,2,B,B-2,410,0,0,0,0,0,0,3600.0,0
set041-10-25-19-B3.txt,3,B,B-3,416,0.4829351315390772,3535.3999999999996,1639.8630000000617,0,3166.8999999999996,0.9820555555555555,3600.0,0.6981111111111287
set041-10-25-19-B4.txt,4,B,B-4,114,0,0,0,0,0,0,3600.0,0
set042-10-25-19-A1.txt,1,A,A-1,255,0,0,0,0,0,0,3599.1,0
set042-10-25-19-A2.txt,2,A,A-2,391,0,0,0.6283,0,0,0,3599.1,0
set042-10-25-19-A3.txt,3,A,A-3,342,0,0,0,0,0,0,3599.1,0
set042-10-25-19-A4.txt,4,A,A-4,84,0.31176632108782215,4.700000000000001,1.8849,0,4.700000000000001,0.0013058820260620713,3599.1,0.3695882352941178
set043-10-25-19-B1.txt,1,B,B-1,295,0.2055949432272845,3484.7000000000003,686.7318999999997,299.7000000000003,3141.4,0.9679722222222223,3600.0,0.330684210526316
set043-10-25-19-B2.txt,2,B,B-2,126,0.35498788391489816,3473.9999999999995,1198.7964000000047,0,3445.7999999999997,0.9649999999999999,3600.0,0.5235833333333383
set043-10-25-19-B3.txt,3,B,B-3,397,0,0,0,0,0,0,3600.0,0
set043-10-25-19-B4.txt,4,B,B-4,120,0.29422479291145115,1274.1999999999998,208.5955999999992,62.60000000000002,517.0,0.3539444444444444,3600.0,1.0471666666664285
set044-10-25-19-A1.txt,1,A,A-1,30,0,0,0,0,0,0,3600.0,0
set044-10-25-19-A2.txt,2,A,A-2,139,0,0,0.6283,0,0,0,3600.0,0
set044-10-25-19-A3.txt,3,A,A-3,237,0,0,0,0,0,0,3600.0,0
set044-10-25-19-A4.txt,4,A,A-4,113,0.3392403408707628,3544.4,1191.8851000000038,0,3544.4,0.9845555555555556,3600.0,0.44878571428572156
set044-10-25-19-B1.txt,1,B,B-1,384,0,0,0.6283,0,0,0,3600.0,0
set044-10-25-19-B2.txt,2,B,B-2,54,0.18908530955256497,20.3,3.7697999999999996,0,20.3,0.0056388888888888895,3600.0,0.3926875000000001
set044-10-25-19-B3.txt,3,B,B-3,259,0,0,0,0,0,0,3600.0,0
set044-10-25-19-B4.txt,4,B,B-4,135,0,0,0,0,0,0,3600.0,0
set046-10-28-19-A1.txt,1,A,A-1,275,0,0,0,0,0,0,3600.0,0
set046-10-28-19-A2.txt,2,A,A-2,204,0,0,0,0,0,0,3600.0,0
set046-10-28-19-A3.txt,3,A,A-3,101,0.24342522618000295,3596.1000000000004,839.4087999999917,0,3596.1000000000004,0.9989166666666668,3600.0,0.39268750000000135
set046-10-28-19-A4.txt,4,A,A-4,258,0,0,0,0,0,0,3600.0,0
set046-10-28-19-B1.txt,1,B,B-1,105,0,0,0,0,0,0,3599.3,0
set046-10-28-19-B2.txt,2,B,B-2,306,0,0,0,0,0,0,3599.3,0
set046-10-28-19-B3.txt,3,B,B-3,234,0,0,0,0,0,0,3599.3,0
set046-10-28-19-B4.txt,4,B,B-4,308,0.22206724200025943,953.0000000000001,47.12250000000005,64.70000000000027,300.0,0.2647737059983886,3599.3,0.5711818181818175
set047-10-28-19-A1.txt,1,A,A-1,261,0.4378974953485147,3598.2999999999997,1552.5293000000504,0,3598.2999999999997,0.9995277777777777,3600.0,0.5711818181818654
set047-10-28-19-A2.txt,2,A,A-2,154,0,0,0.6283,0,0,0,3600.0,0
set047-10-28-19-A3.txt,3,A,A-3,15,0,0,0,0,0,0,3600.0,0
set047-10-28-19-A4.txt,4,A,A-4,399,0,0,0,0,0,0,3600.0,0
set047-10-28-19-B1.txt,1,B,B-1,315,0,0,0,0,0,0,3599.6,0
set047-10-28-19-B2.txt,2,B,B-2,337,0,0,0,0,0,0,3599.6,0
set047-10-28-19-B3.txt,3,B,B-3,102,0,0,0,0,0,0,3599.6,0
set047-10-28-19-B4.txt,4,B,B-4,288,0.24610533938194087,3594.7,862.0275999999906,0,3594.7,0.9986387376375152,3599.6,0.3695882352941201
set048-10-28-19-B1.txt,1,B,B-1,128,0,0,0.6283,0,0,0,3600.0,0
set048-10-28-19-B2.txt,2,B,B-2,73,0,0,0.6283,0,0,0,3600.0,0
set048-10-28-19-B3.txt,3,B,B-3,119,0,0,0,0,0,0,3600.0,0
set048-10-28-19-B4.txt,4,B,B-4,312,0.25893044964991524,1190.1000000000001,18.848999999999993,0,1160.5,0.3305833333333334,3600.0,0.3695882352941178
set049-10-28-19-A1.txt,1,A,A-1,278,0,0,0,0,0,0,3600.0,0
set049-10-28-19-A2.txt,2,A,A-2,264,0,0,0,0,0,0,3600.0,0
set049-10-28-19-A3.txt,3,A,A-3,124,0.3272395833333374,516.9999999999998,4.3980999999999995,0,515.2,0.14361111111111105,3600.0,0.34905555555556433
set049-10-28-19-A4.txt,4,A,A-4,349,0.2494496328438768,141.6,35.8131,0,39.1,0.03933333333333333,3600.0,0.6283
set049-10-28-19-B1.txt,1,B,B-1,313,0.21908243282284764,2474.5,506.40980000000854,0,2461.0,0.6873611111111111,3600.0,0.6981111111111108
set049-10-28-19-B2.txt,2,B,B-2,408,0,0,0,0,0,0,3600.0,0
set049-10-28-19-B3.txt,3,B,B-3,249,0,0,0,0,0,0,3600.0,0
set049-10-28-19-B4.txt,4,B,B-4,132,0,0,0.6283,0,0,0,3600.0,0
set050-10-28-19-A1.txt,1,A,A-1,12,0,0,0.6283,0,0,0,3600.0,0
set050-10-28-19-A2.txt,2,A,A-2,303,0,0,0,0,0,0,3600.0,0
set050-10-28-19-A3.txt,3,A,A-3,205,0,0,0,0,0,0,3600.0,0
set050-10-28-19-A4.txt,4,A,A-4,332,0.46923097786153956,3562.8,1634.208300000061,0,3509.7000000000003,0.9896666666666667,3600.0,0.6283000000000357
set051-10-29-19-A1.txt,1,A,A-1,339,0.37583155062247997,2704.7999999999997,997.7403999999835,0,2692.1,0.7513333333333333,3600.0,1.2566
set051-10-29-19-A2.txt,2,A,A-2,89,0.3307819475806224,3597.1,1174.2927000000016,0,3597.1,0.9991944444444444,3600.0,0.48330769230769227
set051-10-29-19-A3.txt,3,A,A-3,328,0.30105137099818396,3284.2,980.7762999999844,0,3284.2,0.9122777777777777,3600.0,0.448785714285717
set051-10-29-19-A4.txt,4,A,A-4,34,0.7330166666666666,0,8.167900000000001,0,0,0,3600.0,0.20943333333333333
set051-10-29-19-B1.txt,1,B,B-1,257,0.24867259479420153,2075.1,27.645199999999985,0,1044.1,0.5764166666666667,3600.0,0.4487857142856851
set051-10-29-19-B2.txt,2,B,B-2,381,0,0,0,0,0,0,3600.0,0
set051-10-29-19-B3.txt,3,B,B-3,111,0.35890596883295406,3502.7,1217.6454000000072,0,3502.7,0.9729722222222221,3600.0,0.5235833333333383
set051-10-29-19-B4.txt,4,B,B-4,missing ID,0,0,0,0,0,0,3600.0,0
set052-10-29-19-A1.txt,1,A,A-1,299,0.2781106190405539,2897.2,544.736100000007,0,1588.9,0.8047777777777777,3600.0,0.6981111111110405
set052-10-29-19-A2.txt,2,A,A-2,311,0.4001232522842445,1622.5000000000005,33.29989999999999,0,968.9000000000001,0.45069444444444456,3600.0,0.7853749999998214
set052-10-29-19-A3.txt,3,A,A-3,387,0.33398188489973224,3135.3999999999996,535.9399000000075,0,1593.1999999999998,0.8709444444444443,3600.0,0.48330769230779375
set052-10-29-19-A4.txt,4,A,A-4,392,0.27001260572454705,129.9000000000001,23.24709999999999,66.70000000000005,66.70000000000005,0.036083333333333356,3600.0,0.6283
set053-10-30-19-A1.txt,1,A,A-1,308,0.18094823863987305,2637.4000000000005,20.73389999999999,76.70000000000027,958.6999999999999,0.4884074074074075,5400.0,0.2855909090909327
set053-10-30-19-A2.txt,2,A,A-2,205,0,0,0,0,0,0,5400.0,0
set053-10-30-19-A3.txt,3,A,A-3,323,0.30079286987091564,1696.0000000000002,1078.1627999999891,61.59999999999991,969.6000000000004,0.3140740740740741,5400.0,0.5235833333334127
set053-10-30-19-A4.txt,4,A,A-4,223,0,0,0,0,0,0,5400.0,0
set053-10-30-19-B1.txt,1,B,B-1,376,0.30536079452669607,4107.6,1225.8133000000082,0,2895.5,0.7606666666666667,5400.0,0.44878571428572156
set053-10-30-19-B2.txt,2,B,B-2,298,0,0,0,0,0,0,5400.0,0
set053-10-30-19-B3.txt,3,B,B-3,95,0.41152245618283667,1527.3,55.918700000000094,89.4,702.0,0.2828333333333333,5400.0,0.6283
set053-10-30-19-B4.txt,4,B,B-4,325,0,0,0,0,0,0,5400.0,0
set054-10-30-19-B1.txt,1,B,B-1,67,0.2873135585745937,19.199999999999932,5.0264,0,19.199999999999932,0.0035555555555555427,5400.0,0.6283
set054-10-30-19-B2.txt,2,B,B-2,84,0.29322068235810367,209.9999999999991,59.06020000000011,0,42.599999999999454,0.03888888888888872,5400.0,0.4487857142857142
set054-10-30-19-B3.txt,3,B,B-3,416,0.2619267905705684,2074.1999999999994,7.539600000000001,0,1438.3999999999999,0.384111111111111,5400.0,0.44878571428583086
set054-10-30-19-B4.txt,4,B,B-4,351,0.3768006408715321,5178.7,1928.881000000099,0,5178.7,0.9590185185185185,5400.0,0.4833076923077092
set055-10-30-19-A1.txt,1,A,A-1,234,0,0,0,0,0,0,5398.6,0
set055-10-30-19-A2.txt,2,A,A-2,136,0,0,0,0,0,0,5398.6,0
set055-10-30-19-A3.txt,3,A,A-3,152,0.3603868443681971,5393.5,1912.5452000000969,0,5393.5,0.9990553106360908,5398.6,0.523583333333363
set055-10-30-19-A4.txt,4,A,A-4,159,0,0,0,0,0,0,5398.6,0
set055-10-30-19-B1.txt,1,B,B-1,118,0.3056825259461766,9.0,2.5132,0,9.0,0.0016666666666666668,5400.0,0.6981111111106878
set055-10-30-19-B2.txt,2,B,B-2,90,0,0,0,0,0,0,5400.0,0
set055-10-30-19-B3.txt,3,B,B-3,336,0.3866364726195735,5362.3,2040.0901000001134,0,5336.900000000001,0.9930185185185185,5400.0,0.523583333333363
set055-10-30-19-B4.txt,4,B,B-4,333,0,0,0.6283,0,0,0,5400.0,0
set056-10-30-19-A1.txt,1,A,A-1,312,0.4756401120893603,855.1000000000003,11.309399999999998,0,840.4000000000001,0.1583518518518519,5400.0,0.8975714285716617
set056-10-30-19-A2.txt,2,A,A-2,332,0.4849622334855888,5397.400000000001,2592.9940999999876,0,5397.400000000001,0.9995185185185186,5400.0,0.6283
set056-10-30-19-A3.txt,3,A,A-3,318,0,0,0.6283,0,0,0,5400.0,0
set056-10-30-19-A4.txt,4,A,A-4,123,0.2785976680817956,4668.9,8.7962,0,4615.3,0.864611111111111,5400.0,0.3695882352941572
set056-10-30-19-B1.txt,1,B,B-1,92,0,0,0,0,0,0,5330.2,0
set056-10-30-19-B2.txt,2,B,B-2,103,0.3760791669991618,2349.8,835.6389999999919,70.19999999999982,1980.2000000000003,0.4408464973171739,5330.2,0.5235833333334127
set056-10-30-19-B3.txt,3,B,B-3,31,0,0,0,0,0,0,5330.2,0
set056-10-30-19-B4.txt,4,B,B-4,300,0,0,0.6283,0,0,0,5330.2,0
set057-10-31-19-B1.txt,1,B,B-1,258,0,0,1.2566,0,0,0,5400.0,0
set057-10-31-19-B2.txt,2,B,B-2,102,0,0,0,0,0,0,5400.0,0
set057-10-31-19-B3.txt,3,B,B-3,197,0.26421995223592826,61.09999999999964,17.592399999999994,0,26.699999999999818,0.011314814814814748,5400.0,1.2566
set057-10-31-19-B4.txt,4,B,B-4,105,0,0,0,0,0,0,5400.0,0
set058-10-31-19-A1.txt,1,A,A-1,238,0,0,0,0,0,0,5400.0,0
set058-10-31-19-A2.txt,2,A,A-2,387,0.3739366858464294,4371.3,1614.7310000000584,0,4371.3,0.8095,5400.0,0.44878571428583086
set058-10-31-19-A3.txt,3,A,A-3,296,0.23760517613140614,237.59999999999982,56.5470000000001,0,52.5,0.04399999999999997,5400.0,0.31415
set058-10-31-19-A4.txt,4,A,A-4,276,0.4084920912671097,5351.8,2155.6973000000894,61.5,5290.3,0.9910740740740741,5400.0,0.4833076923079628
set058-10-31-19-B1.txt,1,B,B-1,295,0.41234734197589235,4968.5,2018.7279000001106,0,4582.599999999999,0.9200925925925926,5400.0,0.6981111111106878
set058-10-31-19-B2.txt,2,B,B-2,302,0.3629993862082619,1986.5000000000002,699.926199999999,105.60000000000002,1251.9000000000005,0.3678703703703704,5400.0,0.5235833333333383
set058-10-31-19-B3.txt,3,B,B-3,107,0,0,1.2566,0,0,0,5400.0,0
set058-10-31-19-B4.txt,4,B,B-4,252,0,0,1.2566,0,0,0,5400.0,0
set059-10-31-19-A1.txt,1,A,A-1,299,0.25619434252165185,2597.2000000000003,202.94089999999923,0,813.0,0.48096296296296304,5400.0,0.36958823529395946
set059-10-31-19-A2.txt,2,A,A-2,135,0.5235833333333321,0,3.7697999999999996,0,0,0,5400.0,0
set059-10-31-19-A3.txt,3,A,A-3,331,0.31556032547699214,58.3,3.1414999999999997,0,53.8,0.010796296296296295,5400.0,0.5711818181818183
set059-10-31-19-A4.txt,4,A,A-4,262,0.2496828955312535,1809.5000000000016,141.99579999999963,67.19999999999982,482.89999999999964,0.3350925925925929,5400.0,1.2566
set059-10-31-19-B1.txt,1,B,B-1,280,0.16081488095238072,0,6.283,0,0,0,5400.0,0.11219642857142811
set059-10-31-19-B2.txt,2,B,B-2,381,0.20045761904761822,0,1.8849,0,0,0,5400.0,0.14959523809523648
set059-10-31-19-B3.txt,3,B,B-3,129,0.3245584469796837,2861.6000000000017,87.96199999999997,0,442.5,0.5299259259259262,5400.0,0.4833076923079628
set059-10-31-19-B4.txt,4,B,B-4,65,0.36470058599937094,442.0999999999999,6.283,0,414.0999999999999,0.08187037037037036,5400.0,0.4487857142856851
set060-10-31-19-A1.txt,1,A,A-1,50,0.2428117708333195,2208.6000000000004,3.7697999999999996,0,2203.3,0.4090000000000001,5400.0,0.25132
set060-10-31-19-A2.txt,2,A,A-2,73,0,0,0.6283,0,0,0,5400.0,0
set060-10-31-19-A3.txt,3,A,A-3,114,0,0,0,0,0,0,5400.0,0
set060-10-31-19-A4.txt,4,A,A-4,339,0.49768286450829813,5268.5,2604.303499999985,0,4800.9,0.9756481481481482,5400.0,0.6283
set060-10-31-19-B1.txt,1,B,B-1,409,0,0,1.2566,0,0,0,5400.0,0
set060-10-31-19-B2.txt,2,B,B-2,310,0,0,0,0,0,0,5400.0,0
set060-10-31-19-B3.txt,3,B,B-3,263,0,0,0,0,0,0,5400.0,0
set060-10-31-19-B4.txt,4,B,B-4,183,0.30566032930271736,187.29999999999967,53.40550000000008,0,50.40000000000009,0.034685185185185125,5400.0,0.48330769230762466
set061-10-31-19-A1.txt,1,A,A-1,113,0.21506684605330062,4143.0,854.487999999991,139.00000000000006,3627.9999999999995,0.7672222222222222,5400.0,0.8975714285713702
set061-10-31-19-A2.txt,2,A,A-2,349,0.461430784387131,3171.0000000000005,40.21120000000002,0,788.0999999999999,0.5872222222222223,5400.0,0.7853750000000446
set061-10-31-19-A3.txt,3,A,A-3,275,0.12566,0,2.5132,0,0,0,5400.0,0
set061-10-31-19-A4.txt,4,A,A-4,187,0.44970768860288085,65.30000000000067,40.21120000000002,0,25.800000000000068,0.012092592592592715,5400.0,0.8975714285716617
set062-11-01-19-B1.txt,1,B,B-1,120,0.2742438138152761,4230.9,1120.8871999999947,191.9,3941.0,0.7835,5400.0,0.5235833333333134
set062-11-01-19-B2.txt,2,B,B-2,375,0,0,0,0,0,0,5400.0,0
set062-11-01-19-B3.txt,3,B,B-3,78,0,0,0,0,0,0,5400.0,0
set062-11-01-19-B4.txt,4,B,B-4,404,0.2841337298531952,5288.200000000001,1298.0678000000175,0,4630.900000000001,0.9792962962962964,5400.0,0.5711818181818654
set063-11-01-19-A1.txt,1,A,A-1,205,0,0,0,0,0,0,5400.0,0
set063-11-01-19-A2.txt,2,A,A-2,335,0,0,0,0,0,0,5400.0,0
set063-11-01-19-A3.txt,3,A,A-3,314,0,0,0,0,0,0,5400.0,0
set063-11-01-19-A4.txt,4,A,A-4,96,0.41999348743816073,5394.4,2244.9159000000686,0,5394.4,0.9989629629629629,5400.0,0.5711818181818359
set063-11-01-19-B1.txt,1,B,B-1,132,0.3225459625206966,5397.900000000001,1713.3741000000712,0,5397.900000000001,0.9996111111111112,5400.0,0.6283
set063-11-01-19-B2.txt,2,B,B-2,271,0,0,0,0,0,0,5400.0,0
set063-11-01-19-B3.txt,3,B,B-3,198,0,0,0,0,0,0,5400.0,0
set063-11-01-19-B4.txt,4,B,B-4,372,0,0,0,0,0,0,5400.0,0
set064-11-01-19-B1.txt,1,B,B-1,254,0.1698108108108087,0,2.5132,0,0,0,5400.0,0
set064-11-01-19-B2.txt,2,B,B-2,35,0.2492853980986593,1371.6999999999998,3.7697999999999996,0,1368.3000000000002,0.2540185185185185,5400.0,0.5235833333334127
set064-11-01-19-B3.txt,3,B,B-3,397,0,0,0,0,0,0,5400.0,0
set064-11-01-19-B4.txt,4,B,B-4,311,0.23956843260080118,2022.9000000000005,13.194299999999997,0,1335.4,0.37461111111111123,5400.0,0.41886666666666666
set065-11-01-19-A1.txt,1,A,A-1,154,0,0,0,0,0,0,5400.0,0
set065-11-01-19-A2.txt,2,A,A-2,139,0,0,0.6283,0,0,0,5400.0,0
set065-11-01-19-A3.txt,3,A,A-3,226,0.326995253341148,4630.5,1494.0974000000429,0,4539.5,0.8575,5400.0,0.5235833333333383
set065-11-01-19-A4.txt,4,A,A-4,288,0.3152096069681035,4387.4,1368.4374000000266,103.79999999999995,3198.8,0.8124814814814814,5400.0,0.5711818181818211
set065-11-01-19-B1.txt,1,B,B-1,346,0,0,0,0,0,0,5400.0,0
set065-11-01-19-B2.txt,2,B,B-2,306,0,0,0,0,0,0,5400.0,0
set065-11-01-19-B3.txt,3,B,B-3,330,0.5144899672426213,5397.599999999999,2742.529499999953,0,5397.599999999999,0.9995555555555554,5400.0,0.8975714285710786
set065-11-01-19-B4.txt,4,B,B-4,329,0.37173630745631236,2906.8,276.45199999999966,71.10000000000002,612.1000000000004,0.5382962962962964,5400.0,0.5711818181818654
set066-11-01-19-A1.txt,1,A,A-1,131,0,0,0,0,0,0,5400.0,0
set066-11-01-19-A2.txt,2,A,A-2,119,0,0,0.6283,0,0,0,5400.0,0
set066-11-01-19-A3.txt,3,A,A-3,126,0.4287472108024367,5397.2,2248.6857000000678,0,5397.2,0.9994814814814814,5400.0,0.6283
set066-11-01-19-A4.txt,4,A,A-4,410,0.1396222222222222,0,11.937699999999998,0,0,0,5400.0,0
set066-11-01-19-B1.txt,1,B,B-1,313,0.20475457166610678,5068.5,993.3422999999838,0,2549.0,0.9386111111111111,5400.0,0.5711818181818175
set066-11-01-19-B2.txt,2,B,B-2,342,0,0,1.2566,0,0,0,5400.0,0
set066-11-01-19-B3.txt,3,B,B-3,146,0,0,0,0,0,0,5400.0,0
set066-11-01-19-B4.txt,4,B,B-4,missing ID,0,0,0,0,0,0,5400.0,0
set067-11-04-19-A1.txt,1,A,A-1,125,0.2571863841603396,4291.199999999999,1022.2440999999823,186.59999999999945,3772.2,0.8163296364639411,5256.7,0.4833076923077092
set067-11-04-19-A2.txt,2,A,A-2,257,0.2511914338909561,3342.4,740.7656999999969,0,2242.7,0.6358361709817947,5256.7,0.5235833333334127
set067-11-04-19-A3.txt,3,A,A-3,30,0.6133404761904749,0,3.1414999999999997,0,0,0,5256.7,1.0471666666666641
set067-11-04-19-A4.txt,4,A,A-4,109,0.3989720781165798,5145.099999999999,1742.275900000075,0,4371.2,0.9787699507295451,5256.7,0.5711818181818064
set067-11-04-19-B1.txt,1,B,B-1,390,0.7401917121438494,123.99999999999909,32.671599999999984,0,49.19999999999982,0.022962962962962796,5400.0,1.2566
set067-11-04-19-B2.txt,2,B,B-2,69,0,0,0,0,0,0,5400.0,0
set067-11-04-19-B3.txt,3,B,B-3,380,0.4469876407163709,5013.2,2226.695200000073,0,4700.599999999999,0.9283703703703703,5400.0,0.6283
set067-11-04-19-B4.txt,4,B,B-4,320,0,0,0,0,0,0,5400.0,0
set068-11-04-19-A1.txt,1,A,A-1,408,0,0,0,0,0,0,5400.0,0
set068-11-04-19-A2.txt,2,A,A-2,98,0,0,0,0,0,0,5400.0,0
set068-11-04-19-A3.txt,3,A,A-3,343,0,0,0,0,0,0,5400.0,0
set068-11-04-19-A4.txt,4,A,A-4,116,0.3246278886908356,1808.2,33.92819999999999,0,1166.4,0.33485185185185184,5400.0,0.3695882352941572
set068-11-04-19-B1.txt,1,B,B-1,235,0.36440343986227336,3084.8999999999996,115.60719999999979,62.30000000000007,719.8999999999996,0.5712777777777777,5400.0,0.6981111111111121
set068-11-04-19-B2.txt,2,B,B-2,101,0.4237944025924305,4987.499999999999,2075.274900000108,84.30000000000001,4532.799999999999,0.9236111111111109,5400.0,0.6981111111111067
set068-11-04-19-B3.txt,3,B,B-3,315,0,0,0.6283,0,0,0,5400.0,0
set068-11-04-19-B4.txt,4,B,B-4,111,0.3641638355387661,338.9000000000008,111.20909999999982,87.70000000000003,87.70000000000002,0.0627592592592594,5400.0,0.6283
set069-11-04-19-A1.txt,1,A,A-1,149,0,0,0,0,0,0,5400.0,0
set069-11-04-19-A2.txt,2,A,A-2,89,0.26945388016596356,4597.6,1105.8079999999927,282.5,2725.9,0.8514074074074075,5400.0,0.5711818181816293
set069-11-04-19-A3.txt,3,A,A-3,261,0.4137763986911062,3868.3,1290.5282000000166,87.10000000000036,3047.7000000000003,0.7163518518518519,5400.0,0.6283
set069-11-04-19-A4.txt,4,A,A-4,68,0.20479184390936309,2716.5,12.565999999999997,0,2680.6,0.5030555555555556,5400.0,0.6283
set069-11-04-19-B1.txt,1,B,B-1,204,0,0,0,0,0,0,5400.0,0
set069-11-04-19-B2.txt,2,B,B-2,249,0,0,0.6283,0,0,0,5400.0,0
set069-11-04-19-B3.txt,3,B,B-3,128,0,0,0,0,0,0,5400.0,0
set069-11-04-19-B4.txt,4,B,B-4,328,0.2946229005896997,4138.999999999999,1168.0097000000007,76.0,3687.7,0.7664814814814813,5400.0,0.5235833333332143
set070-11-04-19-A1.txt,1,A,A-1,319,0.42543219881670075,5396.8,2265.021500000064,0,5396.8,0.9994074074074074,5400.0,0.6283
set070-11-04-19-A2.txt,2,A,A-2,15,0,0,1.2566,0,0,0,5400.0,0
set070-11-04-19-A3.txt,3,A,A-3,99,0.3121318315708352,5343.599999999999,1622.2706000000594,0,5343.599999999999,0.9895555555555554,5400.0,0.5711818181818175
set070-11-04-19-A4.txt,4,A,A-4,283,0.34905555555555334,0,3.1414999999999997,0,0,0,5400.0,0
set070-11-04-19-B1.txt,1,B,B-1,124,0.32168052951948417,3251.2,5.0264,0,1877.3,0.6020740740740741,5400.0,0.3695882352941178
set070-11-04-19-B2.txt,2,B,B-2,278,0,0,0.6283,0,0,0,5400.0,0
set070-11-04-19-B3.txt,3,B,B-3,34,0,0,0,0,0,0,5400.0,0
set070-11-04-19-B4.txt,4,B,B-4,354,0,0,0,0,0,0,5400.0,0
set071-11-04-19-A1.txt,1,A,A-1,353,0.60954245513415,1215.6,14.450899999999995,0,1195.2000000000003,0.2251111111111111,5400.0,1.0471666666668253
set071-11-04-19-A2.txt,2,A,A-2,259,0.3024774366277403,640.0,7.539600000000001,0,630.3000000000002,0.11851851851851852,5400.0,0.6283
set071-11-04-19-A3.txt,3,A,A-3,91,0.3257276298751251,5397.0,1736.6212000000742,0,5397.0,0.9994444444444445,5400.0,0.5235833333333332
set071-11-04-19-A4.txt,4,A,A-4,155,0.43255341047841384,6.5,5.0264,0,6.5,0.0012037037037037038,5400.0,0.5711818181818654
set072-11-05-19-A1_136.txt,1,A,A-1,136,0.2721096743875718,22.90000000000009,3.1414999999999997,0,22.90000000000009,0.005075804592605747,4511.6,0.3306842105262999
set072-11-05-19-A1_404.txt,1,A,A-1,404,0.43942910378839706,33165.5,14320.213600004658,0,33165.5,0.7705756751293567,43039.9,0.6283
set072-11-05-19-A1_84.txt,1,A,A-1,84,0.26262824525968725,78.0,19.477299999999993,60.29999999999995,60.299999999999955,0.036220106802879036,2153.5,0.3926875000000223
set072-11-05-19-A2_302.txt,2,A,A-2,302,0.29824701971852047,8824.399999999998,2462.307700000018,0,7827.299999999999,0.6270446955162366,14073.0,0.5235833333333334
set072-11-05-19-A2_311.txt,2,A,A-2,311,0.42188733974355525,4.399999999999636,4.3980999999999995,0,4.399999999999636,0.00010223072079627593,43039.9,0.41886666666666666
set072-11-05-19-A2_328.txt,2,A,A-2,328,0.33602373037989286,77.89999999999964,28.273499999999984,0,45.899999999999636,0.004858425845079184,16034.0,0.5235833333338095
set072-11-05-19-A3_152.txt,3,A,A-3,152,0.41623417626420595,67.09999999999991,29.530099999999983,0,31.59999999999991,0.014660898444327894,4576.8,0.5711818181818654
set072-11-05-19-A3_197.txt,3,A,A-3,197,0.2841531874144695,1027.0,3.1414999999999997,0,1021.0,0.1477506509948352,6950.9,0.3695882352941572
set072-11-05-19-A3_295.txt,3,A,A-3,295,0.3174682321086962,12436.4,3870.3279999996903,0,12436.4,0.2889504854797525,43039.9,0.5711818181825737
set072-11-05-19-A3_96.txt,3,A,A-3,96,0.33596918365457795,47.49999999999966,17.592399999999994,0,21.299999999999955,0.0213463958295882,2225.2,0.44878571428572156
set072-11-05-19-A4_132.txt,4,A,A-4,132,0.34394375055883464,30147.999999999993,10201.078800002635,0,30098.199999999997,0.7004663114923593,43039.9,0.4833076923079628
set072-11-05-19-A4_288.txt,4,A,A-4,288,0.36144422389817205,66.40000000000009,37.069700000000005,0,38.20000000000027,0.01423182441700962,4665.6,0.48330769230779375
set072-11-05-19-A4_67.txt,4,A,A-4,67,0.3217604932234806,1786.5,23.24709999999999,162.89999999999998,878.4,0.7831747840953927,2281.1,0.44878571428572156
set072-11-05-19-B1_339.txt,1,B,B-1,339,0.20755608908901668,25036.800000000003,4996.86990000008,122.09999999999854,9743.8,0.5801921552814895,43152.6,0.6283
set072-11-05-19-B2_123.txt,2,B,B-2,123,0.2617916666666567,0,1.8849,0,0,0,4715.8,0
set072-11-05-19-B2_312.txt,2,B,B-2,312,0.28714986280355587,516.0999999999999,12.565999999999997,0,488.5999999999999,0.214898401065956,2401.6,0.44878571428571473
set072-11-05-19-B2_319.txt,2,B,B-2,319,0.36409415173159804,27757.200000000004,10027.03970000255,0,27757.200000000004,0.6432335479206353,43152.6,0.5235833333334127
set072-11-05-19-B2_387.txt,2,B,B-2,387,0.2651662176333026,716.8000000000002,6.283,0,708.0999999999995,0.10178348290355564,7042.4,0.29919047619055394
set072-11-05-19-B3_318.txt,3,B,B-3,318,0.33190246910311433,23.299999999999272,9.4245,0,21.599999999998545,0.000539944290726382,43152.6,0.44878571428524777
set072-11-05-19-B3_349.txt,3,B,B-3,349,0.15104892356478228,9199.2,1332.624300000022,62.399999999999636,5350.299999999999,0.5686627227713592,16176.9,0.44878571428583086
set072-11-05-19-B3_95.txt,3,B,B-3,95,0.3383732575255046,3805.0,1244.6623000000106,0,3805.0,0.789288084965151,4820.8,0.5711818181818211
set072-11-05-19-B4_261.txt,4,B,B-4,261,0.32855859566162343,17495.699999999997,5618.258600000385,0,17495.699999999997,0.40543791104128135,43152.6,0.5235833333334127
set072-11-05-19-B4_299.txt,4,B,B-4,299,0.2854957519199311,38.29999999999973,11.309399999999998,0,18.899999999999636,0.007795485538661888,4913.1,0.3926875000000223
set072-11-05-19-B4_308.txt,4,B,B-4,308,0.27885913927262956,119.59999999999991,32.04329999999998,68.0,68.0,0.04859418169998372,2461.2,0.44878571428571246
set072-11-05-19-B4_416.txt,4,B,B-4,416,0.23230678913519046,7.199999999999818,3.1414999999999997,0,7.199999999999818,0.0010030788949413922,7177.9,0.25132
set073-11-06-19-A1_125.txt,1,A,A-1,125,0.3167119352797981,2644.4,806.7371999999934,0,2534.3,0.489649298226123,5400.6,0.4833076923077092
set073-11-06-19-A1_99.txt,1,A,A-1,99,0.3609440942337383,25398.4,8994.114500002042,175.19999999999982,20189.0,0.50382454692608,50411.2,0.8975714285704955
set073-11-06-19-A2_113.txt,2,A,A-2,113,0.2860326364918616,16985.600000000002,4706.595299999937,0,16951.100000000002,0.3369409972387089,50411.2,0.448785714286414
set073-11-06-19-A2_183.txt,2,A,A-2,183,0.3362853864794313,1316.0,414.049700000005,135.70000000000073,702.8999999999996,0.10632625030298133,12377.0,0.6283
set073-11-06-19-A2_329.txt,2,A,A-2,329,0.3865464031711277,606.0000000000002,228.07289999999907,0,552.8,0.2482487403219861,2441.1,0.5235833333333336
set073-11-06-19-A2_91.txt,2,A,A-2,91,0.25232556158182495,5638.1,1375.9770000000276,0,5638.1,0.5637761734295942,10000.6,0.44878571428583086
set073-11-06-19-A3_109.txt,3,A,A-3,109,0.3919691686678356,1875.199999999999,36.4414,0,727.6999999999998,0.24050584206543613,7796.9,0.5711818181816293
set073-11-06-19-A3_257.txt,3,A,A-3,257,0.31150231496767894,743.1999999999998,24.503699999999988,0,668.3999999999996,0.13718758075829732,5417.4,0.4833076923079628
set073-11-06-19-A3_296.txt,3,A,A-3,296,0.2169373595261062,967.9000000000001,18.220699999999994,0,891.3000000000001,0.3940479583112812,2456.3,0.34905555555555573
set073-11-06-19-A3_336.txt,3,A,A-3,336,0,0,0,0,0,0,10059.4,0
set073-11-06-19-A3_50.txt,3,A,A-3,50,0,0,0,0,0,0,12461.5,0
set073-11-06-19-A3_89.txt,3,A,A-3,89,0.3217175282631395,34548.899999999994,10652.198200002857,145.8000000000029,31128.2,0.6853417494525026,50411.2,0.5235833333338095
set073-11-06-19-A4_111.txt,4,A,A-4,111,0.19454608986224706,1578.3999999999999,36.4414,278.7,715.9,0.6378404590640911,2474.6,0.44878571428571473
set073-11-06-19-A4_116.txt,4,A,A-4,116,0.38128181178302,7.200000000000728,3.1414999999999997,0,7.200000000000728,0.0007110759962471707,10125.5,0.4833076923079628
set073-11-06-19-A4_123.txt,4,A,A-4,123,0.31014170653895906,834.7000000000007,3.7697999999999996,0,832.7999999999993,0.01655782841908149,50411.2,0.31415
set073-11-06-19-A4_129.txt,4,A,A-4,129,0.3606740165672401,41.09999999999491,18.848999999999993,0,33.19999999999709,0.001570344558813221,26172.6,0.4833076923079628
set073-11-06-19-A4_155.txt,4,A,A-4,155,0,0,0,0,0,0,12516.1,0
set073-11-06-19-A4_226.txt,4,A,A-4,226,0.1728210752951371,718.6000000000004,24.503699999999988,0,639.4999999999995,0.1323729875105921,5428.6,0.3306842105263791
set073-11-06-19-A4_300.txt,4,A,A-4,300,0,0,1.2566,0,0,0,16804.9,0
set073-11-06-19-A4_308.txt,4,A,A-4,308,0.27301251261934295,58.49999999999636,17.592399999999994,0,22.399999999997817,0.0024442011849151574,23934.2,0.5711818181825737
set073-11-06-19-A4_328.txt,4,A,A-4,328,0.36252511041382257,50.00000000000364,20.73389999999999,0,24.900000000001455,0.001769178782592825,28261.7,0.5711818181806847
set073-11-06-19-A4_380.txt,4,A,A-4,380,0.15972574750755378,23.399999999999636,4.3980999999999995,0,23.399999999999636,0.0015990706256192734,14633.5,0.12319607843140769
set073-11-06-19-A4_68.txt,4,A,A-4,68,0,0,0.6283,0,0,0,7880.1,0
set073-11-06-19-A4_84.txt,4,A,A-4,84,0.17806793115765965,91.0,19.477299999999993,0,29.100000000002183,0.004190690220494778,21714.8,0.28559090909081464
set073-11-06-19-A4_92.txt,4,A,A-4,92,0.11022807017542452,0,4.3980999999999995,0,0,0,18959.6,0
set073-11-06-19-B1_101.txt,1,B,B-1,101,0.1992961747680218,1556.6000000000004,28.901799999999984,0,1393.1000000000004,0.2907304682392933,5354.1,0.3926875000001339
set073-11-06-19-B1_120.txt,1,B,B-1,120,0.31953304963943646,13990.1,4437.682899999805,0,13990.1,0.537437910806689,26031.1,0.448785714286414
set073-11-06-19-B1_126.txt,1,B,B-1,126,0.40997502501956173,521.2000000000007,212.36539999999917,0,474.10000000000036,0.05212834053448559,9998.4,0.6981111111113932
set073-11-06-19-B1_276.txt,1,B,B-1,276,0.22418559605534327,633.2,9.4245,0,621.9000000000001,0.25971043025306595,2438.1,0.31415
set073-11-06-19-B1_311.txt,1,B,B-1,311,0,0,0.6283,0,0,0,27963.3,0
set073-11-06-19-B1_376.txt,1,B,B-1,376,0.25537453274807054,1912.3000000000002,429.7572000000056,159.10000000000036,1386.0999999999995,0.2441088615997345,7833.8,0.7853749999998214
set073-11-06-19-B2_103.txt,2,B,B-2,103,0.24778038251412596,25.300000000000182,10.0528,0,14.300000000000182,0.0031954127513388123,7917.6,0.3695882352941572
set073-11-06-19-B2_12.txt,2,B,B-2,12,0,0,0,0,0,0,16665.5,0
set073-11-06-19-B2_124.txt,2,B,B-2,124,0.3056828447766925,665.3999999999996,4.3980999999999995,0,661.6000000000004,0.0661161951888395,10064.1,0.41886666666666666
set073-11-06-19-B2_129.txt,2,B,B-2,129,0.2424013178531215,614.3000000000001,18.220699999999994,191.2,389.30000000000007,0.24895643363728473,2467.5,0.330684210526316
set073-11-06-19-B2_136.txt,2,B,B-2,136,0.18688405112047288,6.599999999998545,1.8849,0,6.599999999998545,0.0002769560017623862,23830.5,0.18479411764717746
set073-11-06-19-B2_259.txt,2,B,B-2,259,0,0,0,0,0,0,19338.9,0
set073-11-06-19-B2_262.txt,2,B,B-2,262,0,0,0.6283,0,0,0,12396.5,0
set073-11-06-19-B2_299.txt,2,B,B-2,299,0.34779783476404186,12.799999999999272,6.911300000000001,0,6.899999999997817,0.0004906827774178307,26086.1,0.44878571428524777
set073-11-06-19-B2_318.txt,2,B,B-2,318,0.29246094934084954,1327.5999999999985,5.6547,0,677.8999999999978,0.04747651385923688,27963.3,0.4833076923079628
set073-11-06-19-B2_323.txt,2,B,B-2,323,0.2610961415402442,2108.6,530.2852000000078,0,2068.1,0.3928897501350873,5366.9,0.41886666666666666
set073-11-06-19-B2_90.txt,2,B,B-2,90,0,0,0,0,0,0,14475.3,0
set073-11-06-19-B2_96.txt,2,B,B-2,96,0.39080066618127146,708.7000000000007,11.309399999999998,0,662.6000000000022,0.0328085143812121,21601.1,1.2566
set073-11-06-19-B3_152.txt,3,B,B-3,152,0.5157847537383741,12.899999999997817,10.0528,0,9.200000000000728,0.0005400540054004486,23886.5,0.6981111111128042
set073-11-06-19-B3_197.txt,3,B,B-3,197,0.2989081859322861,18.599999999998545,6.283,0,9.799999999999272,0.000665157545783171,27963.3,0.448785714286414
set073-11-06-19-B3_313.txt,3,B,B-3,313,0.22987620276454315,609.9,11.309399999999998,0,581.8,0.24559072239671417,2483.4,0.3926874999999979
set073-11-06-19-B3_351.txt,3,B,B-3,351,0.3697835322253324,16169.600000000002,5904.135100000525,0,16169.600000000002,0.8356036959712262,19350.8,0.5711818181818654
set073-11-06-19-B3_67.txt,3,B,B-3,67,0.27259093067106316,641.6000000000022,11.937699999999998,0,612.1000000000022,0.029592321493637476,21681.3,0.8975714285704955
set073-11-06-19-B4_223.txt,4,B,B-4,223,0,0,0,0,0,0,16685.4,0
set073-11-06-19-B4_235.txt,4,B,B-4,235,0.29113479091969363,77.89999999999964,23.24709999999999,0,43.100000000000364,0.006263165511585621,12437.8,0.44878571428583086
set073-11-06-19-B4_288.txt,4,B,B-4,288,0.416388742209193,121.80000000000291,47.750800000000055,87.40000000000146,87.40000000000146,0.005083939259865384,23957.8,0.5711818181825737
set073-11-06-19-B4_312.txt,4,B,B-4,312,0.20326766141564537,109.10000000000218,21.99049999999999,0,44.79999999999927,0.005015907460875103,21750.8,0.3490555555549912
set073-11-06-19-B4_320.txt,4,B,B-4,320,0.3773595482637379,18.899999999997817,5.0264,0,18.899999999997817,0.0009761589951242573,19361.6,0.8975714285704955
set073-11-06-19-B4_330.txt,4,B,B-4,330,0.2797120285196868,5098.6,1324.456400000021,0,5049.200000000001,0.5032970070283503,10130.4,0.48330769230779375
set073-11-06-19-B4_332.txt,4,B,B-4,332,0.30276236431533854,189.50000000000006,48.37910000000006,70.30000000000001,70.30000000000001,0.07592755829794055,2495.8,0.5235833333333321
set073-11-06-19-B4_387.txt,4,B,B-4,387,0.3444890399612981,8.599999999998545,5.6547,0,4.599999999998545,0.00030754596202875,27963.3,0.448785714286414
set073-11-06-19-B4_73.txt,4,B,B-4,73,0,0,0,0,0,0,14537.4,0
set074-11-07-19-A1_155.txt,1,A,A-1,155,0,0,0,0,0,0,9096.4,0
set074-11-07-19-A1_226.txt,1,A,A-1,226,0.2372264716126644,1546.9,3.1414999999999997,0,1544.6999999999998,0.34401547836142865,4496.6,0.28559090909087365
set074-11-07-19-A1_320.txt,1,A,A-1,320,0,0,0,0,0,0,18133.0,0
set074-11-07-19-A1_329.txt,1,A,A-1,329,0,0,0,0,0,0,2292.3,0
set074-11-07-19-A1_336.txt,1,A,A-1,336,0.37009118002477837,883.6999999999998,63.45830000000013,156.69999999999982,718.1999999999998,0.1301376923643325,6790.5,0.41886666666666666
set074-11-07-19-A1_73.txt,1,A,A-1,73,0,0,0,0,0,0,11302.0,0
set074-11-07-19-A1_84.txt,1,A,A-1,84,0.3265518738836024,917.8999999999978,10.681099999999999,0,893.7999999999993,0.021237066651859204,43221.6,0.4833076923066103
set074-11-07-19-A2_101.txt,2,A,A-2,101,0.3091313772911732,16958.0,4956.03040000006,0,16958.0,0.3923501212356785,43221.6,0.5235833333334127
set074-11-07-19-A2_296.txt,2,A,A-2,296,0.3667860005952456,36.600000000000044,12.565999999999997,0,21.4,0.015569167942827991,2350.8,0.6283
set074-11-07-19-A3_109.txt,3,A,A-3,109,0.2878115355912119,22894.0,6499.763500000818,0,20624.899999999998,0.5296888592740667,43221.6,1.2566
set074-11-07-19-A3_111.txt,3,A,A-3,111,0.47328470530304,68.30000000000003,30.786699999999982,0,39.2,0.028080417711630976,2432.3,0.6981111111111067
set074-11-07-19-A4_276.txt,4,A,A-4,276,0.4446610776901693,39522.100000000006,16604.084100005777,0,37000.0,0.9144062228145189,43221.6,1.2566
set074-11-07-19-B1_116.txt,1,B,B-1,116,0.19611843397582865,927.8000000000002,7.539600000000001,0,910.5,0.14035459276291906,6610.4,0.2855909090909327
set074-11-07-19-B1_12.txt,1,B,B-1,12,0,0,0.6283,0,0,0,11156.5,0
set074-11-07-19-B1_129.txt,1,B,B-1,129,0.15205791797092508,1058.7,12.565999999999997,190.89999999999998,794.3,0.4616088947024199,2293.5,0.27317391304348365
set074-11-07-19-B1_262.txt,1,B,B-1,262,0,0,0,0,0,0,8923.5,0
set074-11-07-19-B1_300.txt,1,B,B-1,300,0,0,0,0,0,0,17300.0,0
set074-11-07-19-B1_68.txt,1,B,B-1,68,0,0,0,0,0,0,4346.1,0
set074-11-07-19-B2_126.txt,2,B,B-2,126,0.32999944193718017,229.5000000000009,74.13940000000007,208.30000000000018,208.30000000000018,0.03442999234889073,6665.7,0.48330769230762466
set074-11-07-19-B2_223.txt,2,B,B-2,223,0,0,0,0,0,0,17300.0,0
set074-11-07-19-B2_235.txt,2,B,B-2,235,0.2976722408239051,1366.3999999999996,30.786699999999982,163.79999999999927,708.7999999999993,0.15078182761170145,9062.1,0.48330769230762466
set074-11-07-19-B2_313.txt,2,B,B-2,313,0.3095443316972041,2567.1000000000004,773.4372999999952,0,2532.5,0.5671770398356201,4526.1,1.2566
set074-11-07-19-B3_124.txt,3,B,B-3,124,0,0,0,0,0,0,6709.5,0
set074-11-07-19-B3_332.txt,3,B,B-3,332,0.49060443524090097,4357.2,2029.409000000112,0,4357.2,0.9552958716099186,4561.1,0.7853750000000446
set074-11-07-19-B3_380.txt,3,B,B-3,380,0,0,0,0,0,0,9117.0,0
set074-11-07-19-B3_92.txt,3,B,B-3,92,0,0,0,0,0,0,17300.0,0
set074-11-07-19-B4_103.txt,4,B,B-4,103,0.31995075202233675,35.19999999999936,13.822599999999996,0,18.59999999999991,0.0076188827081663515,4620.1,0.5235833333332143
set074-11-07-19-B4_257.txt,4,B,B-4,257,0.3529858976767619,41.0,14.450899999999995,0,41.0,0.017469109501491265,2347.0,0.4833076923076933
set074-11-07-19-B4_259.txt,4,B,B-4,259,0,0,0,0,0,0,17300.0,0
set074-11-07-19-B4_50.txt,4,B,B-4,50,0,0,0,0,0,0,6767.1,0
set074-11-07-19-B4_90.txt,4,B,B-4,90,0,0,0,0,0,0,9127.1,0
set075-11-07-19-B1_308.txt,1,B,B-1,308,0.21031568172691695,13.300000000000137,6.283,0,10.200000000000001,0.0037647192028985896,3532.8,0.25132
set075-11-07-19-B2_96.txt,2,B,B-2,96,0.2247474975651525,19.89999999999992,6.911300000000001,0,8.800000000000011,0.0056329257246376585,3532.8,0.34905555555556433
set075-11-07-19-B3_67.txt,3,B,B-3,67,0.2870302609785539,892.7,6.911300000000001,0,880.8,0.25268908514492755,3532.8,0.41886666666666666
set075-11-07-19-B4_312.txt,4,B,B-4,312,0.34917723031805536,1300.7,447.9779000000063,0,1283.0,0.36817821557971014,3532.8,0.5235833333333134
set076-11-08-19-A1_136.txt,1,A,A-1,136,0,0,0.6283,0,0,0,27049.6,0
set076-11-08-19-A1_152.txt,1,A,A-1,152,0.37905697186049336,2239.0,794.799499999994,0,1720.1000000000001,0.5140862856749248,4355.3,0.5711818181818359
set076-11-08-19-A1_257.txt,1,A,A-1,257,0.2215399924714989,30.100000000000364,7.539600000000001,0,30.100000000000364,0.0044784335897398286,6721.1,0.27317391304356464
set076-11-08-19-A2_226.txt,2,A,A-2,226,0.218485688451618,199.09999999999945,6.911300000000001,167.19999999999982,167.19999999999982,0.007360552466579893,27049.6,0.3306842105263791
set076-11-08-19-A2_288.txt,2,A,A-2,288,0.29003704894603266,3438.7000000000003,906.6368999999883,0,3438.7000000000003,0.7704216516556887,4463.4,0.4833076923076986
set076-11-08-19-A3_103.txt,3,A,A-3,103,0.6204831005476049,137.59999999999673,73.51110000000007,97.69999999999709,97.69999999999709,0.0050869513782087995,27049.6,1.2566
set076-11-08-19-A3_123.txt,3,A,A-3,123,0,0,0,0,0,0,2159.4,0
set076-11-08-19-A3_318.txt,3,A,A-3,318,0,0,1.2566,0,0,0,4478.8,0
set076-11-08-19-A4_299.txt,4,A,A-4,299,0.34420670338496545,729.4999999999999,11.309399999999998,0,704.1999999999999,0.33062907904278455,2206.4,0.41886666666666666
set076-11-08-19-A4_329.txt,4,A,A-4,329,0.4707228007973054,785.3000000000002,365.0423000000031,0,785.3000000000002,0.17225646537541955,4558.9,0.5711818181818654
set076-11-08-19-A4_336.txt,4,A,A-4,336,0.17448563749252757,17160.0,3411.040699999797,86.59999999999854,16409.1,0.6343901573405891,27049.6,0.44878571428583086
set076-11-08-19-B1_116.txt,1,B,B-1,116,0.10649152542373537,0,1.8849,0,0,0,7128.9,0
set076-11-08-19-B1_197.txt,1,B,B-1,197,0.3070246183490236,11.80000000000009,4.3980999999999995,0,9.399999999999999,0.005576823101280821,2115.9,0.5711818181818183
set076-11-08-19-B1_296.txt,1,B,B-1,296,0.5337370800622033,113.10000000000036,31.41499999999998,0,47.40000000000009,0.025316739042843796,4467.4,1.2566
set076-11-08-19-B2_111.txt,2,B,B-2,111,0.3461258276617836,758.2000000000003,17.592399999999994,132.19999999999982,599.5,0.16756171407102927,4524.9,0.5235833333334127
set076-11-08-19-B2_126.txt,2,B,B-2,126,0.2664409861915607,2053.5,515.8343000000085,0,1059.9000000000005,0.2880528552792156,7128.9,0.41886666666666666
set076-11-08-19-B2_387.txt,2,B,B-2,387,0.2634034672118006,1448.2999999999997,4.3980999999999995,0,1435.6999999999998,0.6638401246734198,2181.7,0.31415
set076-11-08-19-B3_124.txt,3,B,B-3,124,0,0,1.2566,0,0,0,7128.9,0
set076-11-08-19-B3_328.txt,3,B,B-3,328,0.37130618141060334,2216.5,809.8786999999933,0,2206.3,0.4867149758454106,4554.0,0.4833076923077092
set076-11-08-19-B4_129.txt,4,B,B-4,129,0.32474399985883584,91.40000000000009,19.477299999999993,0,39.90000000000009,0.019858772406300945,4602.5,0.5235833333332143
set076-11-08-19-B4_235.txt,4,B,B-4,235,0.3193002688856946,78.20000000000073,26.388599999999986,0,30.600000000000364,0.010969434274572617,7128.9,0.5235833333330159
set076-11-08-19-B4_311.txt,4,B,B-4,311,0.21346235934664204,14.100000000000023,3.1414999999999997,0,14.100000000000023,0.006255823239717832,2253.9,0.20943333333333333
