ID,filename,trial_type,chamber,channel_letter,channel_num,set_number,average_speed,total_flight_time,distance,shortest_flying_bout,longest_flying_bout,portion_flying,total_duration,max_speed
114,set001-2-17-2020-A2_114.txt,T1,A-2,A,2,01,0.21096255116712143,0,1.8849,0,0,0,2012.0299999999988,0.18211594202913914
318,set001-2-17-2020-A2_318.txt,T1,A-2,A,2,01,0.3059762721977097,6101.220000000001,1818.3002000000847,0,6101.220000000001,0.9683815231658799,6300.429999999997,0.4833076923066103
37,set001-2-17-2020-A2_37.txt,T1,A-2,A,2,01,0,0,1.2566,0,0,0,1977.1100000000006,0
423,set001-2-17-2020-A2_423.txt,T1,A-2,A,2,01,0.2743954190145851,574.4700000000012,11.309399999999998,0,541.5400000000009,0.2915573375288657,1970.3500000000022,0.3652906976741713
426,set001-2-17-2020-A2_426.txt,T1,A-2,A,2,01,0.4161350715322705,8.809999999997672,7.539600000000001,0,7.520000000000437,0.00396120625699626,2224.0699999999997,0.5066935483879292
427,set001-2-17-2020-A2_427.txt,T1,A-2,A,2,01,0.2673379490900757,4357.76,1009.049799999983,0,4319.51,0.6781925282660629,6425.549999999999,0.4619852941174493
435,set001-2-17-2020-A2_435.txt,T1,A-2,A,2,01,0.4007915114493863,12023.900000000001,4450.877199999812,112.40999999999987,11883.990000000002,0.9495308769887681,12662.99,0.6477319587628874
143,set001-2-17-2020-A3_143.txt,T1,A-3,A,3,01,0.36125166580470763,38.470000000000255,14.450899999999995,0,38.470000000000255,0.016471212841295026,2335.59,0.40019108280250604
275,set001-2-17-2020-A3_275.txt,T1,A-3,A,3,01,0.2903299378167978,29884.91,8521.00460000181,0,29884.91,0.9555456506634802,31275.230000000003,0.41065359477131014
133,set001-2-17-2020-A4_133.txt,T1,A-4,A,4,01,0.32788237641666296,157.67999999999665,27.016899999999985,0,50.780000000002474,0.07706029254370159,2046.1899999999987,0.46540740740665487
138,set001-2-17-2020-A4_138.txt,T1,A-4,A,4,01,0,0,0,0,0,0,2188.709999999999,0
153,set001-2-17-2020-A4_153.txt,T1,A-4,A,4,01,0,0,0.6283,0,0,0,2016.1499999999996,0
179,set001-2-17-2020-A4_179.txt,T1,A-4,A,4,01,0.353500865640342,6.889999999999418,2.5132,0,6.889999999999418,0.0033123885253858827,2080.0700000000015,0.2574999999999462
199,set001-2-17-2020-A4_199.txt,T1,A-4,A,4,01,0.29322328835960465,7.510000000002037,1.8849,0,7.510000000002037,0.00401091652914298,1872.390000000003,0.2804910714288265
208,set001-2-17-2020-A4_208.txt,T1,A-4,A,4,01,0.21971743185787052,1349.3700000000026,5.0264,0,1346.9900000000016,0.6109533964493835,2208.630000000001,0.26399159663854244
213,set001-2-17-2020-A4_213.txt,T1,A-4,A,4,01,0.31415,0,2.5132,0,0,0,1970.4300000000003,0
242,set001-2-17-2020-A4_242.txt,T1,A-4,A,4,01,0.3179765811939443,2232.79,686.1035999999997,0,2232.79,0.938466452868413,2379.1900000000005,0.40275641025654174
338,set001-2-17-2020-A4_338.txt,T1,A-4,A,4,01,0.29163933228591365,2721.94,767.1542999999955,0,2721.94,0.6486384725919182,4196.39,0.39268749999999963
356,set001-2-17-2020-A4_356.txt,T1,A-4,A,4,01,0.2599632816874872,590.5199999999968,11.309399999999998,0,569.8799999999974,0.2977206612653564,1983.4700000000012,0.45861313868647235
36,set001-2-17-2020-A4_36.txt,T1,A-4,A,4,01,0.266069457508828,63.720000000001164,18.220699999999994,0,34.56000000000131,0.03505586822690648,1817.670000000002,0.3173232323233023
74,set001-2-17-2020-A4_74.txt,T1,A-4,A,4,01,0.4947126781209265,32.23999999999978,16.335799999999995,0,26.5,0.015402622841172295,2093.1499999999996,0.5817592592592984
92,set001-2-17-2020-A4_92.txt,T1,A-4,A,4,01,0.378851453155059,116.66999999999825,38.95460000000001,80.33000000000175,80.33000000000175,0.051659781352531735,2258.4300000000003,1.1635185185166372
62,set001-2-17-2020-B1_62.txt,T1,B-1,B,1,01,0.32984240853204105,42107.22,13193.043400004104,149.8000000000029,32154.609999999997,0.9749255560116776,43190.19,0.6220792079206576
63,set001-2-17-2020-B1_63.txt,T1,B-1,B,1,01,0.5037558955912605,1261.4099999999999,632.6981000000025,0,1261.4099999999999,0.2995632689992234,4210.83,0.5711818181818654
267,set001-2-17-2020-B2_267.txt,T1,B-2,B,2,01,0.24163442117726536,41970.11,9822.213900002449,0,41970.11,0.8854261183775964,47401.03,0.45201438848921305
202,set001-2-17-2020-B3_202.txt,T1,B-3,B,3,01,0.21759731448496838,11083.16,2309.0025000000537,0,11081.24,0.8706885512746686,12729.19,1.3089583333332837
203,set001-2-17-2020-B3_203.txt,T1,B-3,B,3,01,0.23073266766144274,2496.4299999999985,548.5059000000068,0,2496.4299999999985,0.6053609837361505,4123.869999999999,1.3658695652145827
223,set001-2-17-2020-B3_223.txt,T1,B-3,B,3,01,0.21216510908033534,4802.889999999999,2968.7174999999,73.27000000000044,4226.16,0.31058623443557437,15463.949999999997,1.029999999999017
189,set001-2-17-2020-B4_189.txt,T1,B-4,B,4,01,0.5166719064673092,1103.3999999999978,308.4953000000009,63.5,568.1599999999999,0.49869157864764724,2212.59,0.7059550561802369
21,set001-2-17-2020-B4_21.txt,T1,B-4,B,4,01,0.27020875496723257,649.6099999999997,8.7962,0,616.3800000000001,0.30188723086860947,2151.829999999999,0.46888059701487445
23,set001-2-17-2020-B4_23.txt,T1,B-4,B,4,01,0,0,1.2566,0,0,0,2160.5899999999983,0
239,set001-2-17-2020-B4_239.txt,T1,B-4,B,4,01,0,0,0.6283,0,0,0,2218.4700000000003,0
252,set001-2-17-2020-B4_252.txt,T1,B-4,B,4,01,0.29439431513817427,40.38999999999987,12.565999999999997,0,40.38999999999987,0.02215882594980105,1822.7500000000005,0.3529775280899381
268,set001-2-17-2020-B4_268.txt,T1,B-4,B,4,01,0.2106012871780962,18370.000000000004,3803.728199999706,0,18370.000000000004,0.65045636400912,28241.71,1.1635185185166372
354,set001-2-17-2020-B4_354.txt,T1,B-4,B,4,01,0.18090250451809853,3984.6000000000004,701.8110999999989,0,3984.6000000000004,0.9472910936188724,4206.310000000001,0.3854601226991456
374,set001-2-17-2020-B4_374.txt,T1,B-4,B,4,01,0,0,0,0,0,0,2296.55,0
381,set001-2-17-2020-B4_381.txt,T1,B-4,B,4,01,0,0,0,0,0,0,2090.1500000000015,0
144,set002-2-18-2020-A2_144.txt,T1,A-2,A,2,02,0.2265746446039048,34202.22,6956.537600001042,104.95000000000073,19722.18,0.7918098835073235,43194.99,0.45861313868612985
100,set002-2-18-2020-A3_100.txt,T1,A-3,A,3,02,0.30931625294442905,711.4000000000002,23.24709999999999,78.75,628.2800000000001,0.32033068717551555,2220.83,0.4552898550724629
17,set002-2-18-2020-A3_17.txt,T1,A-3,A,3,02,0.28169490611655895,18567.34,5210.491900000185,0,18567.34,0.9987665590655759,18590.269999999997,0.38078787878754294
190,set002-2-18-2020-A3_190.txt,T1,A-3,A,3,02,0,0,0.6283,0,0,0,2081.83,0
228,set002-2-18-2020-A3_228.txt,T1,A-3,A,3,02,0.2309836055147343,15968.93,3664.873899999738,0,15968.93,0.8888184490331156,17966.47,0.41335526315802334
4,set002-2-18-2020-A3_4.txt,T1,A-3,A,3,02,0.1996060490037469,607.4299999999998,5.6547,0,599.1100000000001,0.2600800667936888,2335.55,0.29359813084113895
122,set002-2-18-2020-A4_122.txt,T1,A-4,A,4,02,0.32234982465493495,1302.7800000000025,11.309399999999998,0,730.25,0.6411855322541755,2031.8300000000017,0.3878395061730834
130,set002-2-18-2020-A4_130.txt,T1,A-4,A,4,02,0.4175433162693125,27391.98,11170.545700003111,0,27391.98,0.9684226528761558,28285.15,0.6159803921568651
19,set002-2-18-2020-B1_19.txt,T1,B-1,B,1,02,0.40282851531171787,35039.86000000001,13903.022400004453,0,35036.33,0.9877687022093804,35473.75,0.6159803921571483
32,set002-2-18-2020-B1_32.txt,T1,B-1,B,1,02,0.36667749779410924,2390.88,835.6389999999919,0,2376.0299999999997,0.4419183657626386,5410.23,0.6041346153846365
15,set002-2-18-2020-B2_15.txt,T1,B-2,B,2,02,0.272911365422069,75.01999999999998,10.681099999999999,0,53.440000000000055,0.024180421658592553,3102.51,0.35497175141243303
164,set002-2-18-2020-B2_164.txt,T1,B-2,B,2,02,0.2024629355243458,28935.420000000006,5809.890100000479,63.47000000000116,28593.620000000003,0.9481927580555893,30516.39,0.5871962616824027
329,set002-2-18-2020-B2_329.txt,T1,B-2,B,2,02,1.0649152542370255,0,1.8849,0,0,0,2371.07,0
106,set002-2-18-2020-B3_106.txt,T1,B-3,B,3,02,0,0,1.2566,0,0,0,2111.6699999999983,0
147,set002-2-18-2020-B3_147.txt,T1,B-3,B,3,02,0.3040836751983315,690.31,6.911300000000001,0,646.27,0.28892088378458697,2389.2699999999995,0.31893401015231665
219,set002-2-18-2020-B3_219.txt,T1,B-3,B,3,02,0.34024298457960594,1293.33,3.1414999999999997,0,1285.05,0.41137627985533937,3143.91,0.4216778523489907
270,set002-2-18-2020-B3_270.txt,T1,B-3,B,3,02,0.2509723241478214,2472.220000000001,593.7435000000045,0,2472.220000000001,0.6602816630566296,3744.1899999999987,0.5711818181806847
431,set002-2-18-2020-B3_431.txt,T1,B-3,B,3,02,0.2289153675788605,17464.58,3931.901399999676,0,17464.58,0.9816530727070277,17790.989999999998,0.41886666666666666
442,set002-2-18-2020-B3_442.txt,T1,B-3,B,3,02,0.2704843798550479,15.4900000000016,5.0264,0,9.909999999999854,0.008080713231190615,1916.9099999999999,0.40798701298678164
14,set002-2-18-2020-B4_14.txt,T1,B-4,B,4,02,0,0,0,0,0,0,1865.75,0
264,set002-2-18-2020-B4_264.txt,T1,B-4,B,4,02,0.22596511250270068,27294.42,5838.791900000493,0,26128.89,0.933741754965494,29231.23,0.5150000000010443
160,set003-2-19-2020-A2_160.txt,T1,A-2,A,2,03,0,0,0,0,0,0,2109.39,0
238,set003-2-19-2020-A2_238.txt,T1,A-2,A,2,03,0,0,0,0,0,0,2043.1100000000001,0
27,set003-2-19-2020-A2_27.txt,T1,A-2,A,2,03,0,0,0,0,0,0,1858.9500000000007,0
295,set003-2-19-2020-A2_295.txt,T1,A-2,A,2,03,0.2880398957752234,11423.81,3189.8790999998487,0,8932.38,0.8573042047178031,13325.269999999999,0.4520143884893979
322,set003-2-19-2020-A2_322.txt,T1,A-2,A,2,03,0.39526072858195843,7535.670000000002,2886.4101999999193,0,7535.670000000002,0.992492759464062,7592.670000000002,0.5871962616824027
441,set003-2-19-2020-A2_441.txt,T1,A-2,A,2,03,0.4429405116937547,4296.050000000001,1882.386800000093,0,4296.050000000001,0.9603223390819375,4473.549999999999,0.5871962616819035
142,set003-2-19-2020-A3_142.txt,T1,A-3,A,3,03,0.20567798777486987,19858.54,3975.254099999666,0,19858.54,0.9421100547042788,21078.789999999997,0.5983809523808487
204,set003-2-19-2020-A3_204.txt,T1,A-3,A,3,03,0.3976684361545036,7.75,3.7697999999999996,0,7.75,0.003484790575327683,2223.95,0.45528985507242775
227,set003-2-19-2020-A3_227.txt,T1,A-3,A,3,03,0,0,0,0,0,0,1795.7100000000028,0
292,set003-2-19-2020-A3_292.txt,T1,A-3,A,3,03,0,0,0.6283,0,0,0,1723.9099999999999,0
443,set003-2-19-2020-A3_443.txt,T1,A-3,A,3,03,0.30790738833991366,3261.15,970.095199999985,0,3230.8,0.7838191218072437,4160.59,0.4552898550724652
109,set003-2-19-2020-A4_109.txt,T1,A-4,A,4,03,0,0,0,0,0,0,2031.670000000002,0
11,set003-2-19-2020-A4_11.txt,T1,A-4,A,4,03,0.2936090651269631,2504.7800000000025,665.9980000000007,0,2504.7800000000025,0.667772164385023,3750.9500000000007,0.4520143884893979
12,set003-2-19-2020-A4_12.txt,T1,A-4,A,4,03,0.2988613175543755,7346.700000000003,2168.8916000000863,0,7346.700000000003,0.865304093725671,8490.310000000001,0.4724060150376198
123,set003-2-19-2020-A4_123.txt,T1,A-4,A,4,03,0.2874326356185795,1369.0699999999988,8.167900000000001,0,764.4399999999996,0.6153372495966124,2224.91,0.3739880952382329
196,set003-2-19-2020-A4_196.txt,T1,A-4,A,4,03,0.30213565546534027,1018.5100000000002,57.1753000000001,179.39999999999964,839.1100000000006,0.3427353274713887,2971.709999999999,0.465407407407282
33,set003-2-19-2020-A4_33.txt,T1,A-4,A,4,03,0.2335558165540758,23288.83,5323.58590000024,0,23288.83,0.9987905835348672,23317.03,1.2566
401,set003-2-19-2020-A4_401.txt,T1,A-4,A,4,03,0,0,0,0,0,0,2074.4700000000003,0
444,set003-2-19-2020-A4_444.txt,T1,A-4,A,4,03,0.17181746177620869,2784.4800000000005,449.86280000000636,76.32000000000016,2112.73,0.6680822578439348,4167.87,0.8377333333333333
326,set003-2-19-2020-B1_326.txt,T1,B-1,B,1,03,0.400416928962123,28886.98,11335.788600003192,0,28886.98,0.9985133074708977,28929.99,0.6544791666666661
115,set003-2-19-2020-B2_115.txt,T1,B-2,B,2,03,0,0,0,0,0,0,2030.91,0
152,set003-2-19-2020-B2_152.txt,T1,B-2,B,2,03,0,0,0.6283,0,0,0,1844.0300000000025,0
258,set003-2-19-2020-B2_258.txt,T1,B-2,B,2,03,0,0,0,0,0,0,3707.1100000000006,0
28,set003-2-19-2020-B2_28.txt,T1,B-2,B,2,03,0.3741161544761886,18.55999999999949,8.167900000000001,0,17.149999999999636,0.008752281204758813,2120.59,0.5370085470085136
311,set003-2-19-2020-B2_311.txt,T1,B-2,B,2,03,0,0,0,0,0,0,2122.1099999999997,0
312,set003-2-19-2020-B2_312.txt,T1,B-2,B,2,03,0.2978255735490644,2817.1500000000005,787.8881999999944,0,2815.54,0.5562048983701716,5064.95,0.49085937500009763
418,set003-2-19-2020-B2_418.txt,T1,B-2,B,2,03,0.15657944982352176,16138.400000000034,2229.2084000000723,73.66000000000349,3763.8600000000006,0.7428605359713191,21724.67,0.6684042553174934
432,set003-2-19-2020-B2_432.txt,T1,B-2,B,2,03,0.12021327087078827,996.9799999999977,94.24499999999993,60.45999999999913,149.63999999999942,0.3357343705275203,2969.5499999999993,0.23531835205991866
45,set003-2-19-2020-B2_45.txt,T1,B-2,B,2,03,0.16644381712633805,1679.4599999999991,255.71809999999888,127.09999999999854,1220.4099999999999,0.43873155363519717,3827.9900000000016,0.33962162162188875
129,set003-2-19-2020-B3_129.txt,T1,B-3,B,3,03,0.3380428453405758,28.1899999999996,10.0528,0,17.31999999999971,0.013292216579670592,2120.7900000000004,0.4333103448276405
269,set003-2-19-2020-B3_269.txt,T1,B-3,B,3,03,0.45669532770858823,28566.059999999998,12705.482600003865,0,27116.969999999998,0.9840297874553862,29029.67,1.1854716981158113
395,set003-2-19-2020-B3_395.txt,T1,B-3,B,3,03,0.4464538057700989,16.8599999999999,3.7697999999999996,0,16.8599999999999,0.008266691509235013,2039.51,0.7953164556961246
151,set003-2-19-2020-B4_151.txt,T1,B-4,B,4,03,0.3284187056983712,8022.63,2578.543199999991,0,8022.63,0.9612141834454582,8346.35,1.3089583333334387
347,set003-2-19-2020-B4_347.txt,T1,B-4,B,4,03,0.20183392937847444,22.600000000000364,6.283,0,16.730000000001382,0.007529041779519131,3001.709999999999,0.3452197802198354
412,set003-2-19-2020-B4_412.txt,T1,B-4,B,4,03,0.3109722451365229,20137.260000000002,6155.455100000649,0,20137.260000000002,0.9219550854298001,21841.909999999996,1.3962222222199647
104,set004-2-20-2020-A2_104.txt,T1,A-2,A,2,04,0,0,0.6283,0,0,0,2210.3100000000004,0
145,set004-2-20-2020-A2_145.txt,T1,A-2,A,2,04,0.40579720896926347,28304.65,10920.482300002988,0,28304.65,0.995672526098692,28427.67,0.6755913978505723
149,set004-2-20-2020-A2_149.txt,T1,A-2,A,2,04,0.14335799670515284,10.769999999999982,1.8849,0,10.769999999999982,0.004265430998633629,2524.9500000000003,0.19039393939395513
274,set004-2-20-2020-A2_274.txt,T1,A-2,A,2,04,0,0,0,0,0,0,2017.51,0
50,set004-2-20-2020-A2_50.txt,T1,A-2,A,2,04,0.11611280425376122,0,3.1414999999999997,0,0,0,2243.5099999999993,0.11922201138520994
1,set004-2-20-2020-A3_1.txt,T1,A-3,A,3,04,0.28387721540929567,2164.04,598.1416000000042,0,2164.04,0.8882449277801265,2436.31,0.8159740259740452
71,set004-2-20-2020-A3_71.txt,T1,A-3,A,3,04,0.29252797105406897,30133.93,8329.373100001716,0,28866.079999999998,0.8612728426900106,34987.67,0.5192561983470918
167,set004-2-20-2020-A4_167.txt,T1,A-4,A,4,04,1.0712702472287268,0,2.5132,0,0,0,1943.5900000000001,0.9105797101442553
170,set004-2-20-2020-A4_170.txt,T1,A-4,A,4,04,0.3397267516128276,898.3900000000003,10.0528,0,889.2299999999996,0.37648296295054645,2386.2699999999995,0.49865079365070725
244,set004-2-20-2020-A4_244.txt,T1,A-4,A,4,04,0,0,0,0,0,0,2122.3099999999995,0
360,set004-2-20-2020-A4_360.txt,T1,A-4,A,4,04,0,0,0,0,0,0,2227.2699999999995,0
371,set004-2-20-2020-A4_371.txt,T1,A-4,A,4,04,0.22466099894525696,2299.97,503.2683000000084,0,2299.97,0.9228710491575681,2492.19,1.336808510638867
69,set004-2-20-2020-A4_69.txt,T1,A-4,A,4,04,0.2584255822963417,35.07999999999993,8.7962,0,16.589999999999918,0.016758148578089212,2093.31,0.7305813953488256
132,set004-2-20-2020-B1_132.txt,T1,B-1,B,1,04,0,0,0,0,0,0,2159.710000000001,0
155,set004-2-20-2020-B1_155.txt,T1,B-1,B,1,04,0,0,0.6283,0,0,0,2237.4300000000003,0
224,set004-2-20-2020-B1_224.txt,T1,B-1,B,1,04,0.29713683502715954,2358.1599999999994,320.43300000000136,0,1756.2499999999995,0.5114171887842845,4611.03,0.4393706293706098
229,set004-2-20-2020-B1_229.txt,T1,B-1,B,1,04,0.5585034210798155,11.729999999999563,3.7697999999999996,0,11.729999999999563,0.004963881730122072,2363.0699999999997,1.0832758620691014
334,set004-2-20-2020-B1_334.txt,T1,B-1,B,1,04,0.464902087218188,38109.81,17437.209900006186,0,32502.54,0.9973071786847884,38212.71,1.3658695652199837
159,set004-2-20-2020-B2_159.txt,T1,B-2,B,2,04,0,0,0,0,0,0,2103.51,0
257,set004-2-20-2020-B2_257.txt,T1,B-2,B,2,04,0.16871429927350606,299.8899999999994,51.52060000000007,294.0500000000002,294.0500000000002,0.13428531767887744,2233.2299999999996,0.23014652014648027
320,set004-2-20-2020-B2_320.txt,T1,B-2,B,2,04,0,0,0,0,0,0,2545.07,0
376,set004-2-20-2020-B2_376.txt,T1,B-2,B,2,04,0,0,0.6283,0,0,0,2171.2300000000014,0
406,set004-2-20-2020-B2_406.txt,T1,B-2,B,2,04,0.22908162603165752,14.470000000001164,4.3980999999999995,0,10.360000000000582,0.008030189516912884,1801.949999999999,0.3631791907515367
66,set004-2-20-2020-B2_66.txt,T1,B-2,B,2,04,0.21347294533276687,2305.41,10.681099999999999,0,2268.0999999999995,0.9711282882958778,2373.9500000000007,0.28429864253393194
107,set004-2-20-2020-B3_107.txt,T1,B-3,B,3,04,0.5748217322266153,991.85,46.49420000000005,122.26000000000022,516.4899999999999,0.46140498597433044,2149.63,1.2822448979591599
176,set004-2-20-2020-B3_176.txt,T1,B-3,B,3,04,0.6374543959983036,968.8000000000002,82.30730000000001,73.31999999999971,545.3099999999995,0.41272776071332734,2347.3099999999995,1.3658695652172832
396,set004-2-20-2020-B3_396.txt,T1,B-3,B,3,04,0.3504496219960797,881.4199999999992,13.194299999999997,0,849.4899999999998,0.4043971572635216,2179.59,0.3717751479290821
425,set004-2-20-2020-B3_425.txt,T1,B-3,B,3,04,0.4792510772337704,795.7099999999991,18.848999999999993,129.86999999999898,580.6500000000015,0.41596834142745825,1912.9099999999999,1.3368085106401604
44,set004-2-20-2020-B3_44.txt,T1,B-3,B,3,04,0.42360010509409207,828.8299999999999,15.707499999999994,119.43000000000029,664.3200000000002,0.3188408584694808,2599.5099999999998,1.3089583333345238
375,set004-2-20-2020-B4_375.txt,T1,B-4,B,4,04,0.21782100843389146,31700.94,6733.491100000932,93.45999999999913,27294.57,0.6700884553946757,47308.59,1.3658695652199837
409,set004-2-20-2020-B4_409.txt,T1,B-4,B,4,04,0.16507796390232327,21.75999999999999,5.6547,0,12.75,0.00956319575984776,2275.39,0.22201413427560623
216,set005-2-21-2020-A2_216.txt,T1,A-2,A,2,05,0,0,0,0,0,0,2157.75,0
433,set005-2-21-2020-A2_433.txt,T1,A-2,A,2,05,0.43605086726554015,533.8599999999997,21.36219999999999,0,454.35000000000036,0.26840218599015586,1989.0299999999997,0.5149999999998924
434,set005-2-21-2020-A2_434.txt,T1,A-2,A,2,05,0,0,0,0,0,0,2145.87,0
45,set005-2-21-2020-A2_45.txt,T1,A-2,A,2,05,0.5484131241545207,27.719999999999345,11.309399999999998,0,21.329999999999927,0.0027158391619695656,10206.79,1.3962222222199647
86,set005-2-21-2020-A2_86.txt,T1,A-2,A,2,05,0,0,0,0,0,0,2238.99,0
102,set005-2-21-2020-A3_102.txt,T1,A-3,A,3,05,0.3871845199854664,24.61999999999989,10.681099999999999,0,13.36999999999989,0.011199919935584491,2198.2299999999996,0.4456028368794786
126,set005-2-21-2020-A3_126.txt,T1,A-3,A,3,05,0.10004777070063695,0,5.6547,0,0,0,2200.75,0
6,set005-2-21-2020-A3_6.txt,T1,A-3,A,3,05,0.28970105190675804,5277.889999999999,1507.9200000000446,0,5277.889999999999,0.9592692825686705,5501.99,0.3652906976743645
271,set005-2-21-2020-A4_271.txt,T1,A-4,A,4,05,0.3667403645039368,12233.14,4345.95109999976,0,12233.14,0.9859559504456619,12407.39,1.1423636363613694
393,set005-2-21-2020-A4_393.txt,T1,A-4,A,4,05,0,0,0,0,0,0,2293.59,0
226,set005-2-21-2020-B1_226.txt,T1,B-1,B,1,05,0,0,1.2566,0,0,0,2426.91,0
351,set005-2-21-2020-B1_351.txt,T1,B-1,B,1,05,0.4305128579848482,12377.82,4558.316499999864,0,11064.449999999999,0.9801550944970991,12628.429999999998,0.6904395604389808
5,set005-2-21-2020-B1_5.txt,T1,B-1,B,1,05,0,0,0,0,0,0,2079.1499999999996,0
125,set005-2-21-2020-B2_125.txt,T1,B-2,B,2,05,0.19616382521493167,3027.9500000000003,584.319000000005,0,1266.3,0.6701154131303184,4518.55,0.3110396039603961
306,set005-2-21-2020-B2_306.txt,T1,B-2,B,2,05,0.22185389162892252,5180.670000000001,1099.524999999992,0,5180.670000000001,0.4126067720881337,12555.949999999997,0.45528985507242775
109,set005-2-21-2020-B3_109.txt,T1,B-3,B,3,05,0,0,0,0,0,0,15794.789999999999,0
321,set005-2-21-2020-B3_321.txt,T1,B-3,B,3,05,0,0,0,0,0,0,1894.75,0
332,set005-2-21-2020-B3_332.txt,T1,B-3,B,3,05,0.22197324720654574,2458.0200000000004,530.2852000000078,0,2458.0200000000004,0.5760223845445408,4267.23,0.3926875000000223
389,set005-2-21-2020-B3_389.txt,T1,B-3,B,3,05,0,0,1.2566,0,0,0,2479.27,0
248,set005-2-21-2020-B4_248.txt,T1,B-4,B,4,05,0.24414299606366716,3553.4000000000005,822.4446999999926,0,3553.4000000000005,0.9121971130273167,3895.4300000000003,1.2822448979597547
41,set005-2-21-2020-B4_41.txt,T1,B-4,B,4,05,0,0,0.6283,0,0,0,2049.5099999999998,0
91,set005-2-21-2020-B4_91.txt,T1,B-4,B,4,05,0,0,0.6283,0,0,0,2489.55,0
294,set006-2-24-2020-A1_294.txt,T1,A-1,A,1,06,0.1465398812779835,19.150000000001455,8.167900000000001,0,9.450000000000728,0.008340773971559245,2295.9500000000007,0.18643916913932096
319,set006-2-24-2020-A1_319.txt,T1,A-1,A,1,06,0.2211989145539287,51.489999999994325,16.964099999999995,0,22.709999999999127,0.02200963482557474,2339.4300000000003,0.9239705882348986
328,set006-2-24-2020-A1_328.txt,T1,A-1,A,1,06,0,0,0.6283,0,0,0,2111.149999999998,0
335,set006-2-24-2020-A1_335.txt,T1,A-1,A,1,06,0.18811377245508162,0,2.5132,0,0,0,1947.75,0
9,set006-2-24-2020-A1_9.txt,T1,A-1,A,1,06,0.3424939836282375,13306.3,4489.2034999998305,0,13306.3,0.7367148220513385,18061.67,0.7059550561797762
218,set006-2-24-2020-A2_218.txt,T1,A-2,A,2,06,0,0,1.2566,0,0,0,2510.39,0
420,set006-2-24-2020-A2_420.txt,T1,A-2,A,2,06,0.560958795866016,2255.4400000000005,3.1414999999999997,0,2252.88,0.9849642119421628,2289.8700000000003,0.8159740259740452
7,set006-2-24-2020-A2_7.txt,T1,A-2,A,2,06,0.4585106284423532,40821.69,17696.697800006314,106.26000000000204,35892.43,0.996679013548365,40957.71,0.6755913978499116
110,set006-2-24-2020-A3_110.txt,T1,A-3,A,3,06,0.21170451518073516,566.3600000000006,7.539600000000001,0,546.880000000001,0.2377915398341558,2381.75,0.3610919540226563
16,set006-2-24-2020-A3_16.txt,T1,A-3,A,3,06,0,0,0,0,0,0,2182.79,0
206,set006-2-24-2020-A3_206.txt,T1,A-3,A,3,06,0,0,0,0,0,0,2203.91,0
256,set006-2-24-2020-A3_256.txt,T1,A-3,A,3,06,0,0,0,0,0,0,2233.0299999999997,0
281,set006-2-24-2020-A3_281.txt,T1,A-3,A,3,06,0.24611837773179224,48.909999999998035,12.565999999999997,0,25.770000000000437,0.007291043986267322,6708.23,0.33420212765971674
416,set006-2-24-2020-A3_416.txt,T1,A-3,A,3,06,0.3329895374492061,60.61999999999898,18.220699999999994,0,49.349999999998545,0.026509701711191627,2286.709999999999,0.46888059701487445
419,set006-2-24-2020-A3_419.txt,T1,A-3,A,3,06,0,0,0.6283,0,0,0,2588.99,0
8,set006-2-24-2020-A3_8.txt,T1,A-3,A,3,06,0,0,0,0,0,0,1867.2300000000032,0
81,set006-2-24-2020-A3_81.txt,T1,A-3,A,3,06,0,0,0,0,0,0,2203.2700000000004,0
118,set006-2-24-2020-A4_118.txt,T1,A-4,A,4,06,0.18981873111774966,0,3.1414999999999997,0,0,0,2028.3100000000013,0
262,set006-2-24-2020-A4_262.txt,T1,A-4,A,4,06,0.4882260632830281,11469.329999999998,3868.4430999996907,0,11411.52,0.6306101881109565,18187.67,1.3962222222312521
146,set006-2-24-2020-B1_146.txt,T1,B-1,B,1,06,0,0,0,0,0,0,2225.79,0
158,set006-2-24-2020-B1_158.txt,T1,B-1,B,1,06,0,0,0,0,0,0,2253.47,0
187,set006-2-24-2020-B1_187.txt,T1,B-1,B,1,06,0,0,0,0,0,0,2128.79,0
217,set006-2-24-2020-B1_217.txt,T1,B-1,B,1,06,0,0,0,0,0,0,2205.51,0
250,set006-2-24-2020-B1_250.txt,T1,B-1,B,1,06,0.22955049658365187,7.009999999999991,2.5132,0,7.009999999999991,0.0030461440856570463,2301.27,0.20267741935483813
34,set006-2-24-2020-B1_34.txt,T1,B-1,B,1,06,0.27800517684416765,4556.629999999997,1226.4416000000083,0,4537.73,0.7189891992962573,6337.550000000003,0.41886666666666666
417,set006-2-24-2020-B1_417.txt,T1,B-1,B,1,06,0.28501685827617723,635.5600000000013,3.1414999999999997,0,632.8700000000008,0.09329252629338518,6812.550000000001,0.35297752809011845
124,set006-2-24-2020-B2_124.txt,T1,B-2,B,2,06,0.28534775638883564,575.119999999999,16.335799999999995,0,504.46999999999935,0.26427839480927623,2176.1900000000005,0.4363194444448413
205,set006-2-24-2020-B2_205.txt,T1,B-2,B,2,06,0.22660027702225224,1236.4899999999998,6.283,0,1224.1399999999994,0.18196440738576908,6795.230000000001,0.37398809523843535
240,set006-2-24-2020-B2_240.txt,T1,B-2,B,2,06,0,0,0,0,0,0,2267.709999999999,0
259,set006-2-24-2020-B2_259.txt,T1,B-2,B,2,06,0.4624529230258561,1229.9500000000007,11.309399999999998,0,659.989999999998,0.5515792400453844,2229.869999999999,1.3962222222199647
390,set006-2-24-2020-B2_390.txt,T1,B-2,B,2,06,0,0,0,0,0,0,2103.2699999999995,0
405,set006-2-24-2020-B2_405.txt,T1,B-2,B,2,06,0,0,0,0,0,0,2275.63,0
47,set006-2-24-2020-B2_47.txt,T1,B-2,B,2,06,0.36660059744813384,27759.04,10115.001700002593,0,27707.55,0.9975179773258048,27828.109999999997,0.4986507936499874
72,set006-2-24-2020-B2_72.txt,T1,B-2,B,2,06,0.6063243022834368,0,1.8849,0,0,0,2345.91,0.7059550561797748
103,set006-2-24-2020-B3_103.txt,T1,B-3,B,3,06,0.2604823637799588,0,3.1414999999999997,0,0,0,2118.99,0.15987277353688384
13,set006-2-24-2020-B3_13.txt,T1,B-3,B,3,06,0.4654447033243141,1969.150000000005,5.6547,0,1962.510000000002,0.8054738598852227,2444.7100000000028,0.8159740259735633
2,set006-2-24-2020-B3_2.txt,T1,B-3,B,3,06,0,0,0.6283,0,0,0,2409.99,0
230,set006-2-24-2020-B3_230.txt,T1,B-3,B,3,06,0.46279067238000754,387.0500000000002,15.707499999999994,136.1300000000001,203.76000000000022,0.16586601300187284,2333.5099999999993,1.3658695652172832
233,set006-2-24-2020-B3_233.txt,T1,B-3,B,3,06,0,0,1.2566,0,0,0,2116.0300000000007,0
411,set006-2-24-2020-B3_411.txt,T1,B-3,B,3,06,0.183829465323153,18.099999999998545,6.283,0,7.799999999999272,0.008524587075594975,2123.2700000000004,0.23531835205975835
415,set006-2-24-2020-B3_415.txt,T1,B-3,B,3,06,0.16941835435134944,1441.619999999999,226.81629999999907,154.9399999999987,1247.9899999999998,0.15891100732263566,9071.87,1.0471666666660318
43,set006-2-24-2020-B3_43.txt,T1,B-3,B,3,06,0,0,0.6283,0,0,0,2246.55,0
403,set006-2-24-2020-B4_403.txt,T1,B-4,B,4,06,0.2500480114053866,35781.64,8833.898000001964,0,35741.97,0.7451094800527842,48021.99,1.3368085106349867
201,set007-2-25-2020-A1_201.txt,T1,A-1,A,1,07,0.3624281857220454,10381.0,3338.157899999814,0,9856.03,0.9960249193326316,10422.43,0.5416379310344976
246,set007-2-25-2020-A1_246.txt,T1,A-1,A,1,07,0,0,0,0,0,0,1766.3500000000004,0
394,set007-2-25-2020-A1_394.txt,T1,A-1,A,1,07,0.4222963401743624,36982.68,14886.311900004936,0,36982.68,0.9982587073405567,37047.19,1.3368085106349867
188,set007-2-25-2020-A2_188.txt,T1,A-2,A,2,07,0.15159462799594697,790.2099999999991,2.5132,0,784.0699999999997,0.3640799288620223,2170.4300000000003,0.206677631578888
222,set007-2-25-2020-A2_222.txt,T1,A-2,A,2,07,0,0,0.6283,0,0,0,2124.7899999999972,0
237,set007-2-25-2020-A2_237.txt,T1,A-2,A,2,07,0,0,0,0,0,0,2269.31,0
346,set007-2-25-2020-A2_346.txt,T1,A-2,A,2,07,0.1909814299807777,12.129999999999999,4.3980999999999995,0,12.129999999999999,0.005445151211804261,2227.67,0.27081896551724133
382,set007-2-25-2020-A2_382.txt,T1,A-2,A,2,07,0.20507029877687688,14898.350000000002,2889.5516999999186,0,14898.350000000002,0.9519183278629241,15650.869999999999,0.40019108280262194
383,set007-2-25-2020-A2_383.txt,T1,A-2,A,2,07,0.38492798287153857,16490.270000000008,6064.979900000604,0,10748.149999999998,0.7288649208670748,22624.589999999997,0.6100000000006894
59,set007-2-25-2020-A2_59.txt,T1,A-2,A,2,07,0,0,0.6283,0,0,0,2168.2700000000004,0
184,set007-2-25-2020-A3_184.txt,T1,A-3,A,3,07,0.21204196407132986,74.68000000000029,16.335799999999995,0,25.2400000000016,0.0343838486152998,2171.949999999997,0.3110396039603288
209,set007-2-25-2020-A3_209.txt,T1,A-3,A,3,07,0.30763851735027936,9179.050000000001,2601.7902999999856,0,9179.050000000001,0.9620405335580424,9541.23,0.5609821428571975
235,set007-2-25-2020-A3_235.txt,T1,A-3,A,3,07,0.2767452511415935,15.2199999999998,5.0264,0,15.2199999999998,0.0068825489850274256,2211.3900000000003,0.4303424657534139
25,set007-2-25-2020-A3_25.txt,T1,A-3,A,3,07,0.2707117547002105,1716.7399999999998,450.4911000000064,0,1716.7399999999998,0.27885316652670455,6156.43,0.50264
263,set007-2-25-2020-A3_263.txt,T1,A-3,A,3,07,0,0,0.6283,0,0,0,2140.9500000000007,0
30,set007-2-25-2020-A3_30.txt,T1,A-3,A,3,07,0.2351991483492024,1252.359999999997,5.0264,0,1246.9399999999987,0.585951499782436,2137.3099999999977,0.37849397590364764
339,set007-2-25-2020-A3_339.txt,T1,A-3,A,3,07,0.1566832917706361,0,1.8849,0,0,0,1949.630000000001,0
53,set007-2-25-2020-A3_53.txt,T1,A-3,A,3,07,0.26774593127456614,40.820000000000064,13.194299999999997,0,16.14,0.017770773564124133,2297.03,0.41065359477124913
266,set007-2-25-2020-A4_266.txt,T1,A-4,A,4,07,0,0,0,0,0,0,2152.4300000000003,0
349,set007-2-25-2020-A4_349.txt,T1,A-4,A,4,07,0.17600279443838446,0,2.5132,0,0,0,2364.23,0.23980916030534308
42,set007-2-25-2020-A4_42.txt,T1,A-4,A,4,07,0.4183464314162304,654.25,264.5142999999992,171.89000000000033,482.3599999999997,0.2941784810183499,2223.99,0.7853750000007143
48,set007-2-25-2020-A4_48.txt,T1,A-4,A,4,07,0.5596582121982433,954.4299999999967,28.901799999999984,120.50999999999839,462.619999999999,0.49709895833333156,1920.0,1.2319607843088043
56,set007-2-25-2020-A4_56.txt,T1,A-4,A,4,07,0.36177989462661414,16822.4,5329.240600000243,101.44999999999891,10070.44,0.8434267722220273,19945.3,1.3962222222199647
260,set007-2-25-2020-B1_260.txt,T1,B-1,B,1,07,0,0,0,0,0,0,2250.3900000000003,0
282,set007-2-25-2020-B1_282.txt,T1,B-1,B,1,07,0.28250058512470305,41910.42999999999,11391.70730000322,217.90999999999622,35009.77,0.9231268547423807,45400.509999999995,0.5560176991149905
439,set007-2-25-2020-B1_439.txt,T1,B-1,B,1,07,0.30272420246374676,1087.49,5.6547,0,1079.98,0.48138835892646087,2259.07,0.3272395833333332
161,set007-2-25-2020-B2_161.txt,T1,B-2,B,2,07,0.26696909669656205,23530.79,6072.519500000608,0,23530.79,0.9844435528642664,23902.63,0.4520143884893979
314,set007-2-25-2020-B2_314.txt,T1,B-2,B,2,07,0,0,0,0,0,0,2227.1500000000005,0
93,set007-2-25-2020-B2_93.txt,T1,B-2,B,2,07,0.18878283018316983,13.930000000000003,4.3980999999999995,0,13.930000000000003,0.006079810055036904,2291.19,0.300622009569378
215,set007-2-25-2020-B3_215.txt,T1,B-3,B,3,07,0.237243061478735,43288.950000000004,10111.231900002591,0,43288.950000000004,0.9986951358975822,43345.509999999995,1.1219642857116616
310,set007-2-25-2020-B3_310.txt,T1,B-3,B,3,07,0.3126458154459282,253.63999999999996,79.16580000000003,240.45000000000002,240.45000000000002,0.10745863960853262,2360.35,1.396222222222081
413,set007-2-25-2020-B3_413.txt,T1,B-3,B,3,07,0,0,0,0,0,0,2035.1500000000005,0
99,set007-2-25-2020-B3_99.txt,T1,B-3,B,3,07,0,0,0.6283,0,0,0,2168.9500000000003,0
192,set007-2-25-2020-B4_192.txt,T1,B-4,B,4,07,0,0,0,0,0,0,1763.710000000001,0
254,set007-2-25-2020-B4_254.txt,T1,B-4,B,4,07,0.23926184379719104,36.63000000000102,3.1414999999999997,0,33.04999999999927,0.017191775357047776,2130.670000000002,0.3926875000003571
327,set007-2-25-2020-B4_327.txt,T1,B-4,B,4,07,0,0,1.2566,0,0,0,2190.1500000000015,0
342,set007-2-25-2020-B4_342.txt,T1,B-4,B,4,07,0.22360033886109204,574.8999999999978,120.00529999999976,0,550.489999999998,0.30761904252302036,1868.8700000000026,0.45528985507212766
38,set007-2-25-2020-B4_38.txt,T1,B-4,B,4,07,0.23317431723116688,8585.5,1938.3055000001002,0,8585.5,0.7488946052198884,11464.23,0.951969696968595
428,set007-2-25-2020-B4_428.txt,T1,B-4,B,4,07,0,0,0,0,0,0,4496.509999999998,0
46,set007-2-25-2020-B4_46.txt,T1,B-4,B,4,07,0.1747413457643327,779.5699999999997,3.7697999999999996,0,769.2799999999988,0.37233905364162184,2093.709999999999,0.21968531468526997
87,set007-2-25-2020-B4_87.txt,T1,B-4,B,4,07,0.26962763803965784,24.59999999999985,8.7962,0,15.309999999999999,0.010194482547128698,2413.07,0.3807878787878791
168,set008-2-26-2020-A1_168.txt,T1,A-1,A,1,08,0.1421493212669684,0,1.8849,0,0,0,2028.63,0
212,set008-2-26-2020-A1_212.txt,T1,A-1,A,1,08,0.39645482460423487,44585.420000000006,17371.866700006154,123.98000000000002,44461.44,0.9982998722609148,44661.35,0.5660360360359711
136,set008-2-26-2020-A2_136.txt,T1,A-2,A,2,08,0.368856137272947,26780.210000000003,9792.683800002435,0,26780.210000000003,0.6016792966653344,44509.11,0.5108130081300737
96,set008-2-26-2020-A2_96.txt,T1,A-2,A,2,08,0,0,0,0,0,0,2180.87,0
193,set008-2-26-2020-A3_193.txt,T1,A-3,A,3,08,0,0,0,0,0,0,2208.5099999999984,0
211,set008-2-26-2020-A3_211.txt,T1,A-3,A,3,08,0,0,0,0,0,0,2100.8300000000017,0
225,set008-2-26-2020-A3_225.txt,T1,A-3,A,3,08,0.46375826742142445,2717.6800000000003,1174.9210000000016,207.27000000000044,2456.26,0.5566153474340043,4882.51,1.2822448979597547
316,set008-2-26-2020-A3_316.txt,T1,A-3,A,3,08,0.3361935290854428,881.1599999999999,295.3010000000004,0,881.1599999999999,0.44978484689163734,1959.0699999999997,0.5660360360357392
355,set008-2-26-2020-A3_355.txt,T1,A-3,A,3,08,0.2334340540327309,4656.27,1044.2345999999848,0,4656.27,0.673978777268431,6908.629999999999,0.3205612244896412
388,set008-2-26-2020-A3_388.txt,T1,A-3,A,3,08,0.2745249775847203,82.93999999999869,21.36219999999999,0,43.70000000000073,0.039396371961790494,2105.2700000000004,0.3631791907515367
40,set008-2-26-2020-A3_40.txt,T1,A-3,A,3,08,0.290153100650593,3605.61,996.4837999999836,0,3605.61,0.7956751722935622,4531.51,0.3878395061728656
90,set008-2-26-2020-A3_90.txt,T1,A-3,A,3,08,0.4275430663154204,238.38000000000466,99.8996999999999,81.54000000000087,152.76000000000204,0.11681915524431886,2040.5900000000001,0.4947244094486488
119,set008-2-26-2020-A4_119.txt,T1,A-4,A,4,08,0.37193356424133683,39.340000000000146,12.565999999999997,0,37.56000000000131,0.0192655203992185,2041.989999999998,0.4870542635669354
140,set008-2-26-2020-A4_140.txt,T1,A-4,A,4,08,0.5272794816272599,295.79999999999563,61.57340000000012,88.36000000000058,88.36000000000058,0.14080551416861226,2100.7700000000004,1.3962222222199647
231,set008-2-26-2020-A4_231.txt,T1,A-4,A,4,08,0.2724320616726497,1430.75,382.63470000000376,0,1430.75,0.5128522218518241,2789.789999999999,0.3854601226993607
307,set008-2-26-2020-A4_307.txt,T1,A-4,A,4,08,0.29401744018727033,6350.09,1634.208300000061,0,6349.3,0.9434670660373013,6730.59,1.3962222222222134
308,set008-2-26-2020-A4_308.txt,T1,A-4,A,4,08,0.37402898967292497,175.97000000000116,64.08660000000013,165.70000000000073,165.70000000000073,0.0797431470378986,2206.709999999999,0.9105797101418549
344,set008-2-26-2020-A4_344.txt,T1,A-4,A,4,08,0.21117019426809622,13.43999999999869,2.5132,0,13.43999999999869,0.006857597697805823,1959.869999999999,0.3854601226991456
421,set008-2-26-2020-A4_421.txt,T1,A-4,A,4,08,0.3676883607332953,494.75,161.4730999999995,63.029999999998836,416.2400000000016,0.23597617105708732,2096.6100000000006,1.3658695652199837
95,set008-2-26-2020-A4_95.txt,T1,A-4,A,4,08,0.3184120736899523,57.210000000002765,16.964099999999995,0,24.280000000000655,0.008400153290684474,6810.59,0.6220792079206576
309,set008-2-26-2020-B1_309.txt,T1,B-1,B,1,08,0.3112201490951717,23760.2,7282.625300001202,0,18680.53,0.9705682555775547,24480.710000000003,0.4456028368794786
437,set008-2-26-2020-B1_437.txt,T1,B-1,B,1,08,0.2912527686083913,50.83,16.964099999999995,0,29.08,0.022538321353984224,2255.27,0.3324338624338623
105,set008-2-26-2020-B2_105.txt,T1,B-2,B,2,08,0,0,0,0,0,0,2782.9100000000008,0
249,set008-2-26-2020-B2_249.txt,T1,B-2,B,2,08,0.5400811066246431,23226.2,12317.821500003674,0,15314.52,0.9548805751763613,24323.67,0.7853750000007143
3,set008-2-26-2020-B2_3.txt,T1,B-2,B,2,08,0.3406403165235804,219.5099999999984,74.76770000000006,202.9499999999971,202.9499999999971,0.1071957026004143,2047.75,0.45861313868525455
359,set008-2-26-2020-B2_359.txt,T1,B-2,B,2,08,0.27354852374432737,38.140000000003056,23.87539999999999,0,24.330000000001746,0.01928493055099231,1977.7100000000028,0.39765822784857735
385,set008-2-26-2020-B2_385.txt,T1,B-2,B,2,08,0.1868636978476973,679.1299999999974,5.0264,0,659.7199999999975,0.30787399076101335,2205.8700000000026,0.25232931726891406
392,set008-2-26-2020-B2_392.txt,T1,B-2,B,2,08,0,0,1.2566,0,0,0,2219.0699999999997,0
397,set008-2-26-2020-B2_397.txt,T1,B-2,B,2,08,0.2453645044824245,216.15999999999985,6.283,198.44000000000005,198.44000000000005,0.09437364383729098,2290.47,0.31258706467665365
407,set008-2-26-2020-B2_407.txt,T1,B-2,B,2,08,0,0,0,0,0,0,2289.55,0
77,set008-2-26-2020-B2_77.txt,T1,B-2,B,2,08,0.3331968373247547,4394.25,1333.252600000022,0,4394.25,0.6500456367022638,6759.91,0.5511403508774744
112,set008-2-26-2020-B3_112.txt,T1,B-3,B,3,08,0,0,0.6283,0,0,0,2837.99,0
120,set008-2-26-2020-B3_120.txt,T1,B-3,B,3,08,0.20631232671011743,15.149999999999636,5.0264,0,11.449999999998909,0.0022764462195214857,6655.110000000001,0.2607053941908871
200,set008-2-26-2020-B3_200.txt,T1,B-3,B,3,08,0.554737698187945,13.069999999999936,3.1414999999999997,0,13.069999999999936,0.00558902891157187,2338.51,0.233568773234196
265,set008-2-26-2020-B3_265.txt,T1,B-3,B,3,08,0.3935835305909155,83.34999999999991,2.5132,82.57999999999993,82.57999999999993,0.035597295715939094,2341.47,0.8159740259740452
31,set008-2-26-2020-B3_31.txt,T1,B-3,B,3,08,0,0,0,0,0,0,2177.0699999999997,0
52,set008-2-26-2020-B3_52.txt,T1,B-3,B,3,08,0.2906795254876386,29127.490000000005,7855.006600001483,0,29082.890000000003,0.9535368528084296,30546.789999999997,0.622079207921778
156,set008-2-26-2020-B4_156.txt,T1,B-4,B,4,08,0,0,0,0,0,0,2227.07,0
253,set008-2-26-2020-B4_253.txt,T1,B-4,B,4,08,0.3149115218356537,23.039999999999964,7.539600000000001,0,23.039999999999964,0.010465734259381214,2201.4700000000003,0.3510055865921859
304,set008-2-26-2020-B4_304.txt,T1,B-4,B,4,08,0,0,0,0,0,0,2485.35,0
343,set008-2-26-2020-B4_343.txt,T1,B-4,B,4,08,0.26302849391473837,28834.629999999997,7457.921000001288,0,28834.629999999997,0.7211709856196634,39983.07,0.6283
108,set009-2-27-2020-A1_108.txt,T1,A-1,A,1,09,0,0,0.6283,0,0,0,2263.71,0
18,set009-2-27-2020-A1_18.txt,T1,A-1,A,1,09,0.445371069242981,47807.4,21080.721600007975,0,47807.4,0.996833354636132,47959.27,0.6041346153846365
137,set009-2-27-2020-A2_137.txt,T1,A-2,A,2,09,0.3978853030393756,14067.89,5377.619700000267,0,14067.89,0.9322070512459454,15090.95,0.5660360360366667
210,set009-2-27-2020-A2_210.txt,T1,A-2,A,2,09,0.3377800333355689,8496.5,2729.335199999956,0,8496.5,0.9577805508492249,8871.03,0.5066935483870988
131,set009-2-27-2020-A3_131.txt,T1,A-3,A,3,09,0.2903868445820005,46710.240000000005,13484.574600004247,0,46650.26,0.9770432618142457,47807.75,0.45201438848925
245,set009-2-27-2020-A3_245.txt,T1,A-3,A,3,09,0,0,0.6283,0,0,0,2415.23,0
154,set009-2-27-2020-A4_154.txt,T1,A-4,A,4,09,0.6266244341044208,5.6599999999998545,6.283,0,4.270000000000437,0.0032179751772443933,1758.8700000000026,1.2082692307682164
183,set009-2-27-2020-A4_183.txt,T1,A-4,A,4,09,0.2522580681562162,5318.459999999999,1291.7848000000167,0,5318.459999999999,0.9691936780069648,5487.51,0.7853750000007143
26,set009-2-27-2020-A4_26.txt,T1,A-4,A,4,09,0.7222297619314074,826.1999999999998,49.00740000000006,65.09000000000015,611.54,0.33374940921264706,2475.5099999999998,1.3658695652172832
353,set009-2-27-2020-A4_353.txt,T1,A-4,A,4,09,0.24355700302789315,4183.400000000001,941.1933999999865,0,3474.67,0.5354059827145548,7813.51,0.7853749999998214
384,set009-2-27-2020-A4_384.txt,T1,A-4,A,4,09,0.44792619985323595,1581.0099999999998,164.61459999999948,157.27999999999997,792.9699999999998,0.6409803166365975,2466.55,1.3962222222224339
29,set009-2-27-2020-B1_29.txt,T1,B-1,B,1,09,0,0,0,0,0,0,2407.5499999999997,0
315,set009-2-27-2020-B1_315.txt,T1,B-1,B,1,09,0.45680072541273203,1331.6499999999999,594.3718000000044,0,1331.6499999999999,0.5492993767195897,2424.27,0.5927358490566025
438,set009-2-27-2020-B1_438.txt,T1,B-1,B,1,09,0.33923230820921974,44480.19,14265.55150000463,0,43355.060000000005,0.9931019007951705,44789.149999999994,0.6220792079212177
197,set009-2-27-2020-B2_197.txt,T1,B-2,B,2,09,0,0,0,0,0,0,1976.949999999999,0
232,set009-2-27-2020-B2_232.txt,T1,B-2,B,2,09,0,0,0,0,0,0,1281.9499999999998,0
325,set009-2-27-2020-B2_325.txt,T1,B-2,B,2,09,0.3467042967614904,256.6799999999985,87.33369999999998,235.76999999999862,235.76999999999862,0.04740069915477219,5415.110000000001,0.4619852941180672
35,set009-2-27-2020-B2_35.txt,T1,B-2,B,2,09,0.35761875597000237,38.650000000001455,13.194299999999997,0,28.81000000000131,0.02125506629491,1818.390000000003,0.5609821428558308
429,set009-2-27-2020-B2_429.txt,T1,B-2,B,2,09,0,0,0,0,0,0,2633.1099999999997,0
49,set009-2-27-2020-B2_49.txt,T1,B-2,B,2,09,0.49519643430512456,812.6899999999999,391.4309000000041,0,812.6899999999999,0.16787959288646143,4840.91,0.6100000000000161
98,set009-2-27-2020-B2_98.txt,T1,B-2,B,2,09,0,0,0,0,0,0,1909.5100000000002,0
10,set009-2-27-2020-B3_10.txt,T1,B-3,B,3,09,0.2415917214864159,525.3600000000006,124.40339999999973,0,485.22000000000025,0.19986076397210736,2628.63,0.4333103448276405
135,set009-2-27-2020-B3_135.txt,T1,B-3,B,3,09,0,0,0,0,0,0,1279.829999999999,0
345,set009-2-27-2020-B3_345.txt,T1,B-3,B,3,09,0,0,0,0,0,0,1886.67,0
350,set009-2-27-2020-B3_350.txt,T1,B-3,B,3,09,0.37607192463813033,17477.54,6032.936600000588,0,17477.54,0.7178911075357549,24345.67,0.6100000000006894
358,set009-2-27-2020-B3_358.txt,T1,B-3,B,3,09,0,0,0.6283,0,0,0,2670.47,0
400,set009-2-27-2020-B3_400.txt,T1,B-3,B,3,09,0,0,0,0,0,0,2184.6699999999996,0
303,set009-2-27-2020-B4_303.txt,T1,B-4,B,4,09,0.16757753600173514,12498.2,1918.1999000000976,82.97000000000116,8339.26,0.959246123511899,13029.190000000002,1.1423636363651475
357,set009-2-27-2020-B4_357.txt,T1,B-4,B,4,09,0,0,0.6283,0,0,0,2145.75,0
424,set009-2-27-2020-B4_424.txt,T1,B-4,B,4,09,0.22265135302101963,1328.07,251.3199999999989,185.61999999999992,1142.45,0.48807620643653316,2721.03,0.3272395833333306
169,set010-2-28-2020-A1_169.txt,T1,A-1,A,1,10,0.37917085935912026,17195.57,5927.382200000537,105.22999999999956,15722.130000000001,0.6422337115396178,26774.63,1.1022807017514311
83,set010-2-28-2020-A1_83.txt,T1,A-1,A,1,10,0,0,0,0,0,0,2347.35,0
194,set010-2-28-2020-A2_194.txt,T1,A-2,A,2,10,0.26810875125310496,4963.419999999998,1267.9094000000136,0,4963.419999999998,0.8488672181641864,5847.110000000002,0.465407407407282
20,set010-2-28-2020-A2_20.txt,T1,A-2,A,2,10,0.5225184169577174,1653.82,860.7709999999906,0,1653.82,0.6976995346757284,2370.39,0.6100000000000161
261,set010-2-28-2020-A2_261.txt,T1,A-2,A,2,10,0.47105537388532387,5243.35,2356.1250000000427,0,5228.87,0.827456203613547,6336.710000000001,0.6346464646466046
330,set010-2-28-2020-A2_330.txt,T1,A-2,A,2,10,0.36138109117256734,1318.1299999999992,3.7697999999999996,0,1311.7299999999996,0.5444950698727293,2420.83,0.5927358490558714
97,set010-2-28-2020-A2_97.txt,T1,A-2,A,2,10,0,0,0.6283,0,0,0,3266.91,0
141,set010-2-28-2020-A3_141.txt,T1,A-3,A,3,10,0.19286121150370672,32.090000000000146,7.539600000000001,0,22.229999999999563,0.009793001162709127,3276.83,0.2039935064935113
313,set010-2-28-2020-A3_313.txt,T1,A-3,A,3,10,0,0,0.6283,0,0,0,2361.79,0
333,set010-2-28-2020-A3_333.txt,T1,A-3,A,3,10,0.3575631960120741,18.070000000001528,9.4245,0,12.760000000000218,0.007464875427051819,2420.67,0.8055128205121442
387,set010-2-28-2020-A3_387.txt,T1,A-3,A,3,10,0,0,0,0,0,0,2217.3099999999995,0
391,set010-2-28-2020-A3_391.txt,T1,A-3,A,3,10,0.5060337667959743,2333.0199999999995,1164.2399000000003,0,2333.0199999999995,0.564208723999584,4135.03,0.6283
410,set010-2-28-2020-A3_410.txt,T1,A-3,A,3,10,0.24069092193997416,17573.8,4127.302699999653,215.0099999999984,17358.79,0.9887747414522111,17773.31,0.3807878787879627
101,set010-2-28-2020-A4_101.txt,T1,A-4,A,4,10,0,0,1.2566,0,0,0,3288.4300000000003,0
113,set010-2-28-2020-A4_113.txt,T1,A-4,A,4,10,0.4888947214654405,70.0,25.760299999999987,0,27.19000000000051,0.02907181985439169,2407.8300000000017,1.2566
24,set010-2-28-2020-A4_24.txt,T1,A-4,A,4,10,0.3420025670749506,1257.3100000000002,24.503699999999988,243.31000000000006,513.5999999999999,0.5230183656066059,2403.95,1.2319607843137474
323,set010-2-28-2020-A4_323.txt,T1,A-4,A,4,10,0.33381108649621966,4904.579999999998,1513.5747000000454,0,3215.39,0.776219227512641,6318.55,1.2082692307682164
352,set010-2-28-2020-A4_352.txt,T1,A-4,A,4,10,0.1995428273250064,2332.260000000002,442.9515000000061,0,2332.260000000002,0.6332380324023166,3683.0700000000033,0.280491071428371
54,set010-2-28-2020-A4_54.txt,T1,A-4,A,4,10,0.6636475339475003,36.030000000000655,21.99049999999999,0,24.829999999999927,0.016835583217685374,2140.1100000000006,1.3368085106401604
236,set010-2-28-2020-B1_236.txt,T1,B-1,B,1,10,0.41321947679060045,1017.9399999999999,413.42140000000495,0,1017.9399999999999,0.4263605178617052,2387.51,0.566036036036087
293,set010-2-28-2020-B1_293.txt,T1,B-1,B,1,10,0,0,0,0,0,0,2160.6299999999997,0
324,set010-2-28-2020-B1_324.txt,T1,B-1,B,1,10,0.34173276802077107,44670.659999999996,14757.510400004872,0,43396.38,0.9964699119385236,44828.909999999996,0.6346464646466046
331,set010-2-28-2020-B1_331.txt,T1,B-1,B,1,10,0.2827144168663069,3114.1099999999997,874.5935999999899,0,3105.3499999999995,0.7486003302956074,4159.91,0.5560176991149905
116,set010-2-28-2020-B2_116.txt,T1,B-2,B,2,10,0.3750598823358388,29.090000000000146,10.0528,0,29.090000000000146,0.008845736318604679,3288.5899999999983,0.4947244094486488
22,set010-2-28-2020-B2_22.txt,T1,B-2,B,2,10,0,0,0,0,0,0,2396.95,0
221,set010-2-28-2020-B2_221.txt,T1,B-2,B,2,10,0.5092237674868575,21.960000000000946,8.167900000000001,0,13.850000000000364,0.009137854268701576,2403.1900000000005,0.6544791666672619
247,set010-2-28-2020-B2_247.txt,T1,B-2,B,2,10,0.16708077778540392,4625.349999999999,681.0772,118.65000000000055,3097.38,0.7317260308646368,6321.150000000001,0.8975714285716617
404,set010-2-28-2020-B2_404.txt,T1,B-2,B,2,10,0.1926001684988359,374.2400000000016,771.5523999999953,89.0,89.0,0.06443448512156387,5808.0700000000015,0.45861313868647235
214,set010-2-28-2020-B3_214.txt,T1,B-3,B,3,10,0.36885148597233347,12.8900000000001,4.3980999999999995,0,12.8900000000001,0.005356749545985389,2406.31,0.47961832061070697
301,set010-2-28-2020-B3_301.txt,T1,B-3,B,3,10,0.18637558689922867,9969.09,1724.0552000000725,171.4399999999996,5674.9800000000005,0.9336845506525618,10677.15,1.2566
408,set010-2-28-2020-B3_408.txt,T1,B-3,B,3,10,0,0,0,0,0,0,2154.5099999999998,0
139,set010-2-28-2020-B4_139.txt,T1,B-4,B,4,10,0.31080793100443255,19994.499999999996,5405.893200000281,0,18297.55,0.8706619852808938,22964.710000000003,1.2566
57,set010-2-28-2020-B4_57.txt,T1,B-4,B,4,10,0,0,0,0,0,0,2413.27,0
102,set011-3-03-2020-A1_102.txt,T2,A-1,A,1,11,0.23719732911644187,7.819999999999709,3.7697999999999996,0,7.819999999999709,0.003404811146184701,2296.749999999999,0.2651054852320797
176,set011-3-03-2020-A1_176.txt,T2,A-1,A,1,11,0,0,1.2566,0,0,0,2322.5899999999997,0
37,set011-3-03-2020-A1_37.txt,T2,A-1,A,1,11,0,0,0,0,0,0,2385.39,0
423,set011-3-03-2020-A1_423.txt,T2,A-1,A,1,11,0,0,0,0,0,0,2192.95,0
62,set011-3-03-2020-A1_62.txt,T2,A-1,A,1,11,0.42969181016080615,24070.989999999998,9779.489500002428,0,18329.77,0.9643721802688834,24960.269999999997,1.3368085106401604
179,set011-3-03-2020-A2_179.txt,T2,A-2,A,2,11,0,0,0,0,0,0,2192.55,0
209,set011-3-03-2020-A2_209.txt,T2,A-2,A,2,11,0.47985164092364924,1158.6200000000001,550.3908000000067,0,618.6500000000001,0.48381668232592134,2394.75,0.5609821428571405
233,set011-3-03-2020-A2_233.txt,T2,A-2,A,2,11,0,0,0,0,0,0,2322.1899999999996,0
40,set011-3-03-2020-A2_40.txt,T2,A-2,A,2,11,0.28712824647190155,4091.9000000000015,1145.3908999999978,0,4091.9000000000015,0.7338638373121132,5575.830000000002,0.40275641025701137
69,set011-3-03-2020-A2_69.txt,T2,A-2,A,2,11,0.3392922089941578,6090.5700000000015,1879.2453000000926,0,6081.050000000001,0.6873247288481222,8861.270000000002,0.5511403508774744
81,set011-3-03-2020-A2_81.txt,T2,A-2,A,2,11,0,0,0,0,0,0,2295.3500000000004,0
125,set011-3-03-2020-A3_125.txt,T2,A-3,A,3,11,0.21741075933413762,7615.21,1607.8197000000575,0,7615.21,0.8451437481618768,9010.550000000001,0.3695882352940583
136,set011-3-03-2020-A3_136.txt,T2,A-3,A,3,11,0.21730911172743142,623.9100000000017,7.539600000000001,0,610.9800000000014,0.2851729796190754,2187.83,0.3272395833333209
155,set011-3-03-2020-A3_155.txt,T2,A-3,A,3,11,0.10004777070065549,0,2.5132,0,0,0,2184.870000000001,0
196,set011-3-03-2020-A3_196.txt,T2,A-3,A,3,11,0,0,0,0,0,0,7.389999999999418,0
328,set011-3-03-2020-A3_328.txt,T2,A-3,A,3,11,0,0,0,0,0,0,2280.029999999999,0
92,set011-3-03-2020-A3_92.txt,T2,A-3,A,3,11,0,0,1.2566,0,0,0,2403.71,0
95,set011-3-03-2020-A3_95.txt,T2,A-3,A,3,11,0.2607662776740423,690.010000000002,10.681099999999999,0,654.1399999999994,0.36172577389845667,1907.550000000003,0.3695882352947504
123,set011-3-03-2020-A4_123.txt,T2,A-4,A,4,11,0.48757464555955454,81.99000000000036,16.335799999999995,0,38.76000000000022,0.0339319044327923,2416.31,1.2822448979591599
152,set011-3-03-2020-A4_152.txt,T2,A-4,A,4,11,0,0,0.6283,0,0,0,2218.1499999999996,0
266,set011-3-03-2020-A4_266.txt,T2,A-4,A,4,11,0,0,0.6283,0,0,0,2295.91,0
325,set011-3-03-2020-A4_325.txt,T2,A-4,A,4,11,0.5176879383952085,1910.5899999999965,28.901799999999984,101.63999999999942,611.5600000000013,0.906012452638715,2108.790000000001,1.3089583333345238
376,set011-3-03-2020-A4_376.txt,T2,A-4,A,4,11,0,0,1.2566,0,0,0,2309.39,0
421,set011-3-03-2020-A4_421.txt,T2,A-4,A,4,11,0.2932930988042635,105.28999999999905,25.760299999999987,0,54.47999999999956,0.04494904863752558,2342.4300000000003,0.9519696969699069
429,set011-3-03-2020-A4_429.txt,T2,A-4,A,4,11,0,0,0.6283,0,0,0,1899.3500000000022,0
433,set011-3-03-2020-A4_433.txt,T2,A-4,A,4,11,0.20263816455355607,6.0,3.1414999999999997,0,6.0,0.0027387880862718246,2190.75,0.3050000000000754
441,set011-3-03-2020-A4_441.txt,T2,A-4,A,4,11,0.4215013107855048,135.92999999999665,34.55649999999999,0,34.529999999998836,0.061763062117472345,2200.83,1.2822448979597547
230,set011-3-03-2020-B1_230.txt,T2,B-1,B,1,11,0.4755486532922515,22492.510000000002,10628.322800002845,0,15450.51,0.9606850726882812,23412.99,0.6346464646466046
18,set011-3-03-2020-B2_18.txt,T2,B-2,B,2,11,0.6497383899992377,436.1800000000003,35.184799999999996,74.69000000000051,341.8100000000004,0.19888651276041802,2193.1099999999997,1.3962222222227865
187,set011-3-03-2020-B2_187.txt,T2,B-2,B,2,11,0.5874732888810467,106.55999999999995,30.158399999999983,0,59.01000000000022,0.046464778598992715,2293.35,1.3962222222227865
295,set011-3-03-2020-B2_295.txt,T2,B-2,B,2,11,0.4587313476962246,1720.4700000000012,12.565999999999997,0,1689.9300000000012,0.7520489922236652,2287.71,1.2822448979597547
36,set011-3-03-2020-B2_36.txt,T2,B-2,B,2,11,0.46042185835992594,37740.689999999995,17164.527700006052,68.82999999999993,18923.96,0.9843390195651409,38341.149999999994,1.3658695652199837
417,set011-3-03-2020-B2_417.txt,T2,B-2,B,2,11,0.23356877323420092,0,2.5132,0,0,0,2356.63,0
13,set011-3-03-2020-B3_13.txt,T2,B-3,B,3,11,0,0,0,0,0,0,2073.1899999999987,0
197,set011-3-03-2020-B3_197.txt,T2,B-3,B,3,11,0,0,0.6283,0,0,0,2287.830000000001,0
256,set011-3-03-2020-B3_256.txt,T2,B-3,B,3,11,0,0,0,0,0,0,2390.67,0
26,set011-3-03-2020-B3_26.txt,T2,B-3,B,3,11,0.5194815284178006,568.8000000000002,3.1414999999999997,0,562.8000000000002,0.2483810255760842,2290.03,0.14476958525345135
262,set011-3-03-2020-B3_262.txt,T2,B-3,B,3,11,0,0,0,0,0,0,2193.9900000000007,0
320,set011-3-03-2020-B3_320.txt,T2,B-3,B,3,11,0.20007668206135867,565.8699999999999,4.3980999999999995,0,550.6999999999999,0.23912795439466863,2366.39,0.24932539682539862
387,set011-3-03-2020-B3_387.txt,T2,B-3,B,3,11,0.3580382445878669,52.22999999999956,11.937699999999998,0,52.22999999999956,0.023848552785983815,2190.0699999999997,0.6411224489798774
46,set011-3-03-2020-B3_46.txt,T2,B-3,B,3,11,0.3461853530505825,88.66000000000167,8.167900000000001,69.92000000000007,69.92000000000007,0.04764745398360961,1860.7500000000018,1.2082692307682164
114,set011-3-03-2020-B4_114.txt,T2,B-4,B,4,11,0,0,0,0,0,0,2285.830000000001,0
29,set011-3-03-2020-B4_29.txt,T2,B-4,B,4,11,0,0,0,0,0,0,2290.3499999999995,0
332,set011-3-03-2020-B4_332.txt,T2,B-4,B,4,11,0,0,0,0,0,0,2373.75,0
396,set011-3-03-2020-B4_396.txt,T2,B-4,B,4,11,0.2910330811497977,2101.960000000001,601.2831000000041,0,2101.960000000001,0.4635473292593911,4534.509999999998,0.39765822784811955
42,set011-3-03-2020-B4_42.txt,T2,B-4,B,4,11,0,0,0,0,0,0,2195.1500000000005,0
72,set011-3-03-2020-B4_72.txt,T2,B-4,B,4,11,0.21263836059165303,4119.610000000001,830.6125999999922,0,4119.610000000001,0.4510513666945863,9133.350000000002,0.3414673913043208
142,set012-3-04-2020-A1_142.txt,T2,A-1,A,1,12,0.6317365222601695,694.25,116.23549999999979,199.51000000000204,488.9500000000007,0.3693546070237226,1879.630000000001,1.3962222222199647
282,set012-3-04-2020-A1_282.txt,T2,A-1,A,1,12,0.3413781286819524,2755.0699999999997,927.3707999999872,0,2755.0699999999997,0.64333667252777,4282.47,1.1854716981132685
33,set012-3-04-2020-A1_33.txt,T2,A-1,A,1,12,0.5205269257408517,3228.91,1662.4818000000646,0,3228.91,0.7641178795315302,4225.669999999998,0.6981111111099824
47,set012-3-04-2020-A1_47.txt,T2,A-1,A,1,12,0.49186637343883494,2251.6500000000005,3.7697999999999996,0,2250.5600000000004,0.9436172308156517,2386.1900000000005,0.6904395604396708
66,set012-3-04-2020-A1_66.txt,T2,A-1,A,1,12,0.4207012918130553,16126.159999999996,6619.140500000876,197.77999999999884,10899.039999999997,0.9581230812923065,16830.989999999998,1.3962222222199647
232,set012-3-04-2020-A2_232.txt,T2,A-2,A,2,12,0.2621889874944564,28060.59,7048.269400001087,0,28060.59,0.998218470068483,28110.67,0.4619852941180672
254,set012-3-04-2020-A2_254.txt,T2,A-2,A,2,12,0,0,0,0,0,0,2272.71,0
281,set012-3-04-2020-A2_281.txt,T2,A-2,A,2,12,0,0,0,0,0,0,2019.99,0
383,set012-3-04-2020-A2_383.txt,T2,A-2,A,2,12,0.3532253851074607,5526.419999999999,1805.105900000083,0,5526.419999999999,0.8247661773067745,6700.589999999999,0.8159740259735633
131,set012-3-04-2020-A3_131.txt,T2,A-3,A,3,12,0.25204746162513186,9293.019999999997,2319.6836000000512,0,9293.019999999997,0.8172396477777687,11371.23,0.4363194444448413
301,set012-3-04-2020-A3_301.txt,T2,A-3,A,3,12,0,0,0,0,0,0,2047.3499999999985,0
312,set012-3-04-2020-A3_312.txt,T2,A-3,A,3,12,0.39951402559539023,6.209999999999127,3.7697999999999996,0,6.209999999999127,0.003007861124968699,2064.59,0.4986507936514271
351,set012-3-04-2020-A3_351.txt,T2,A-3,A,3,12,0.31776117732668124,10330.92,3187.994199999849,0,10308.16,0.9280956149815252,11131.31,1.282244897959197
412,set012-3-04-2020-A3_412.txt,T2,A-3,A,3,12,0.2451456520199537,10208.44,2472.3605000000157,0,10208.44,0.9880075684621603,10332.349999999999,0.5149999999995085
444,set012-3-04-2020-A3_444.txt,T2,A-3,A,3,12,0.3789324264947012,55.63999999999942,20.105599999999992,0,55.63999999999942,0.02579377036868746,2157.1100000000006,0.5324576271185127
129,set012-3-04-2020-A4_129.txt,T2,A-4,A,4,12,0.3220618753755105,44.62999999999738,18.848999999999993,0,25.06000000000131,0.023932476418760604,1864.8300000000017,0.622079207921778
145,set012-3-04-2020-A4_145.txt,T2,A-4,A,4,12,0.44925275468567294,15780.18,6849.098300000989,92.21999999999753,15584.7,0.919349285240301,17164.510000000002,1.3658695652199837
205,set012-3-04-2020-A4_205.txt,T2,A-4,A,4,12,0.5476516713420596,2026.0599999999977,6.283,0,2016.7199999999975,0.9399620500401289,2155.470000000001,1.1219642857116616
316,set012-3-04-2020-A4_316.txt,T2,A-4,A,4,12,0.23351521521043175,0,2.5132,0,0,0,2075.47,0.3631791907514412
416,set012-3-04-2020-A4_416.txt,T2,A-4,A,4,12,0.36333147523866166,634.2999999999993,6.283,0,627.75,0.3094463335268486,2049.790000000001,0.6411224489774974
83,set012-3-04-2020-A4_83.txt,T2,A-4,A,4,12,0.25644897959214136,0,2.5132,0,0,0,2230.3100000000013,0
91,set012-3-04-2020-A4_91.txt,T2,A-4,A,4,12,0.14410550458713672,0,1.8849,0,0,0,2064.550000000003,0
2,set012-3-04-2020-B1_2.txt,T2,B-1,B,1,12,0.3106750789190373,18493.82,5278.976600000218,0,18493.82,0.702546232543015,26323.989999999998,0.5927358490579057
235,set012-3-04-2020-B1_235.txt,T2,B-1,B,1,12,0.3759927618033827,6.5,4.3980999999999995,0,4.75,0.0028338368843489367,2293.71,0.40275641025654174
308,set012-3-04-2020-B1_308.txt,T2,B-1,B,1,12,0.2305226536366052,3189.9500000000007,718.775199999998,0,3189.9500000000007,0.7449412094391835,4282.1500000000015,0.3717751479284819
333,set012-3-04-2020-B1_333.txt,T2,B-1,B,1,12,0.3716738649083997,19.61999999999989,6.911300000000001,0,19.61999999999989,0.0086039423772666,2280.35,0.43937062937067967
356,set012-3-04-2020-B1_356.txt,T2,B-1,B,1,12,0,0,0,0,0,0,1969.0300000000025,0
357,set012-3-04-2020-B1_357.txt,T2,B-1,B,1,12,0,0,0,0,0,0,2061.2699999999995,0
404,set012-3-04-2020-B1_404.txt,T2,B-1,B,1,12,0.2403882930005539,8393.550000000001,1982.286500000106,0,8393.550000000001,0.9776095152571866,8585.79,0.3324338624339648
77,set012-3-04-2020-B1_77.txt,T2,B-1,B,1,12,0.33420212765957524,0,1.8849,0,0,0,2129.63,0
133,set012-3-04-2020-B2_133.txt,T2,B-2,B,2,12,0.8633425968812778,0,1.8849,0,0,0,2061.949999999999,1.231960784313198
226,set012-3-04-2020-B2_226.txt,T2,B-2,B,2,12,0.29610265177650885,5.149999999997817,2.5132,0,5.149999999997817,0.002352683200927283,2188.9900000000016,0.38078787878754294
239,set012-3-04-2020-B2_239.txt,T2,B-2,B,2,12,0.2867363320561498,9.549999999999272,2.5132,0,9.549999999999272,0.004378504522926065,2181.1100000000006,0.4363194444442901
271,set012-3-04-2020-B2_271.txt,T2,B-2,B,2,12,0,0,0,0,0,0,2238.1100000000006,0
303,set012-3-04-2020-B2_303.txt,T2,B-2,B,2,12,0.30224503011546305,1934.119999999999,553.5323000000066,0,1279.6000000000004,0.8438163962462528,2292.1100000000006,1.3962222222227865
307,set012-3-04-2020-B2_307.txt,T2,B-2,B,2,12,0.2635429062437473,1791.300000000003,446.0930000000062,0,1388.420000000002,0.8445464917822569,2121.0200000000004,0.40535483870986766
309,set012-3-04-2020-B2_309.txt,T2,B-2,B,2,12,0.3191941778122305,25980.269999999997,7910.29700000151,0,25980.269999999997,0.9869453333698021,26323.92,0.5660360360357392
331,set012-3-04-2020-B2_331.txt,T2,B-2,B,2,12,0.345028172272065,705.76,5.0264,115.26000000000002,587.1700000000001,0.3237089664851873,2180.23,0.6904395604395603
334,set012-3-04-2020-B2_334.txt,T2,B-2,B,2,12,0.2164004942214415,26.220000000001164,5.6547,0,22.110000000000582,0.013405798953918795,1955.8700000000008,0.312587064676583
375,set012-3-04-2020-B2_375.txt,T2,B-2,B,2,12,0,0,0,0,0,0,2091.75,0
407,set012-3-04-2020-B2_407.txt,T2,B-2,B,2,12,0,0,0.6283,0,0,0,2064.0300000000007,0
44,set012-3-04-2020-B2_44.txt,T2,B-2,B,2,12,0.3674142138359155,25.159999999999854,9.4245,0,13.020000000000437,0.011298775367232592,2226.789999999999,0.5416379310345507
144,set012-3-04-2020-B3_144.txt,T2,B-3,B,3,12,0.33321077421299994,85.46000000000004,25.131999999999987,0,50.599999999999454,0.03725906516630554,2293.67,0.40019108280239013
193,set012-3-04-2020-B3_193.txt,T2,B-3,B,3,12,0.5061931326392748,1967.4499999999998,3.7697999999999996,0,1965.9599999999996,0.8942670005954353,2200.0700000000006,0.45861313868601566
194,set012-3-04-2020-B3_194.txt,T2,B-3,B,3,12,0,0,0.6283,0,0,0,2225.23,0
415,set012-3-04-2020-B3_415.txt,T2,B-3,B,3,12,0.3404448295923168,40063.29,13851.501800004427,68.66000000000349,38678.08,0.9272409394868748,43206.99,1.3089583333444446
113,set012-3-04-2020-B4_113.txt,T2,B-4,B,4,12,0,0,0,0,0,0,2294.51,0
12,set012-3-04-2020-B4_12.txt,T2,B-4,B,4,12,0,0,0,0,0,0,2215.789999999999,0
132,set012-3-04-2020-B4_132.txt,T2,B-4,B,4,12,0,0,0,0,0,0,2286.55,0
215,set012-3-04-2020-B4_215.txt,T2,B-4,B,4,12,0.24268215756156825,3926.0600000000068,3346.3257999998123,168.97000000000116,2160.9800000000014,0.10088075311496059,38917.83,1.3368085106349867
96,set012-3-04-2020-B4_96.txt,T2,B-4,B,4,12,0,0,0,0,0,0,2065.63,0
98,set012-3-04-2020-B4_98.txt,T2,B-4,B,4,12,0,0,0,0,0,0,2145.6299999999997,0
111,set013-3-05-2020-A1_111.txt,T2,A-1,A,1,13,0,0,0,0,0,0,2021.8700000000026,0
143,set013-3-05-2020-A1_143.txt,T2,A-1,A,1,13,0.18308047006673245,18206.92999999999,3148.4112999998583,68.86000000000058,15461.289999999997,0.6834907829560233,26638.149999999998,0.4363194444448413
22,set013-3-05-2020-A1_22.txt,T2,A-1,A,1,13,0.5257834515981037,1064.08,22.61879999999999,0,1006.5699999999997,0.4776735813398095,2227.63,1.231960784313198
236,set013-3-05-2020-A1_236.txt,T2,A-1,A,1,13,0.5812487800049706,218.3700000000008,125.03169999999973,65.96000000000095,144.89999999999964,0.03388949327936768,6443.59,0.6613684210533913
315,set013-3-05-2020-A1_315.txt,T2,A-1,A,1,13,0.44551457322628923,6.690000000000055,5.6547,0,6.690000000000055,0.003008431703204071,2223.7500000000005,0.5609821428571975
359,set013-3-05-2020-A1_359.txt,T2,A-1,A,1,13,0.3048945266054195,1516.6399999999994,5.6547,0,1491.4300000000003,0.6702048211405461,2262.9500000000007,0.34712707182365093
4,set013-3-05-2020-A1_4.txt,T2,A-1,A,1,13,0,0,0.6283,0,0,0,2429.670000000002,0
419,set013-3-05-2020-A1_419.txt,T2,A-1,A,1,13,0.38993613597062243,1732.5599999999986,16.964099999999995,106.55999999999949,1427.7400000000007,0.7934165876712137,2183.669999999999,0.7953164556953235
424,set013-3-05-2020-A1_424.txt,T2,A-1,A,1,13,0,0,1.2566,0,0,0,2262.63,0
100,set013-3-05-2020-A2_100.txt,T2,A-2,A,2,13,0.34752871334805513,9246.7,2764.5199999999477,0,9246.7,0.89934533471963,10281.59,0.6346464646477706
11,set013-3-05-2020-A2_11.txt,T2,A-2,A,2,13,0.38438754129793473,3465.4400000000005,1310.6338000000192,0,3465.4400000000005,0.40174216876129576,8626.03,0.9377611940297489
322,set013-3-05-2020-A2_322.txt,T2,A-2,A,2,13,0,0,0,0,0,0,2228.67,0
355,set013-3-05-2020-A2_355.txt,T2,A-2,A,2,13,0.33074413670193586,36.860000000000014,11.309399999999998,0,36.860000000000014,0.016241677572296623,2269.47,0.5279831932772993
358,set013-3-05-2020-A2_358.txt,T2,A-2,A,2,13,0,0,0.6283,0,0,0,2288.1900000000023,0
382,set013-3-05-2020-A2_382.txt,T2,A-2,A,2,13,0.18456490396139427,1797.140000000003,316.0349000000012,220.54999999999927,923.4900000000016,0.5999686184436755,2995.390000000003,0.3951572327043663
50,set013-3-05-2020-A2_50.txt,T2,A-2,A,2,13,0,0,0,0,0,0,2224.5899999999997,0
140,set013-3-05-2020-A3_140.txt,T2,A-3,A,3,13,0.3796939626676966,32234.090000000004,12063.36000000355,93.11000000000058,29967.940000000002,0.9671371123203877,33329.39,0.6684042553200802
204,set013-3-05-2020-A3_204.txt,T2,A-3,A,3,13,0.1844028609636535,5739.2,990.2007999999839,0,5739.2,0.6443333980750382,8907.19,0.41335526315789967
400,set013-3-05-2020-A3_400.txt,T2,A-3,A,3,13,0,0,0,0,0,0,6457.389999999999,0
15,set013-3-05-2020-A4_15.txt,T2,A-4,A,4,13,0.33128068355868506,58.18999999999983,20.73389999999999,0,29.610000000000014,0.02555297444702548,2277.23,0.5370085470085658
153,set013-3-05-2020-A4_153.txt,T2,A-4,A,4,13,0.7282262509838469,952.1399999999994,86.70539999999998,63.4300000000003,379.6199999999999,0.4357321007711139,2185.1499999999996,1.3962222222227865
154,set013-3-05-2020-A4_154.txt,T2,A-4,A,4,13,0.25334677419359297,0,1.8849,0,0,0,6456.470000000001,0
164,set013-3-05-2020-A4_164.txt,T2,A-4,A,4,13,0.2829226809303464,9566.900000000001,2629.435499999979,0,5464.810000000001,0.3873033454500997,24701.309999999998,1.3089583333345238
28,set013-3-05-2020-A4_28.txt,T2,A-4,A,4,13,0.8089546052959047,50.409999999999854,16.335799999999995,0,34.11000000000058,0.021028787872467296,2397.1899999999987,1.3658695652091817
30,set013-3-05-2020-A4_30.txt,T2,A-4,A,4,13,0,0,0,0,0,0,1927.3499999999985,0
352,set013-3-05-2020-A4_352.txt,T2,A-4,A,4,13,0.6574935273297178,48.55999999999767,7.539600000000001,0,34.779999999998836,0.023993635954877343,2023.8700000000026,1.2822448979549947
41,set013-3-05-2020-A4_41.txt,T2,A-4,A,4,13,0.5005393791362028,411.7499999999991,38.32630000000001,66.96999999999935,281.0699999999997,0.18480783127392805,2227.9900000000007,1.3368085106375736
425,set013-3-05-2020-A4_425.txt,T2,A-4,A,4,13,0.21282952500703467,0,2.5132,0,0,0,2224.1500000000005,0.2628870292886669
52,set013-3-05-2020-A4_52.txt,T2,A-4,A,4,13,0.38466295958040214,682.9200000000019,28.273499999999984,0,617.3000000000011,0.3004236337481699,2273.1899999999987,0.6283
183,set013-3-05-2020-B1_183.txt,T2,B-1,B,1,13,0.3198854818168638,24036.45,7479.283200001299,0,24036.45,0.941466154502373,25530.87,0.5416379310345507
229,set013-3-05-2020-B1_229.txt,T2,B-1,B,1,13,0,0,0,0,0,0,2984.91,0
27,set013-3-05-2020-B1_27.txt,T2,B-1,B,1,13,0,0,0,0,0,0,3315.19,0
112,set013-3-05-2020-B2_112.txt,T2,B-2,B,2,13,0,0,0.6283,0,0,0,2978.390000000003,0
137,set013-3-05-2020-B2_137.txt,T2,B-2,B,2,13,0.39139312078817157,28.470000000001164,12.565999999999997,0,28.470000000001164,0.014362901639096749,1982.1899999999987,0.5108130081302625
149,set013-3-05-2020-B2_149.txt,T2,B-2,B,2,13,0,0,0,0,0,0,2235.75,0
310,set013-3-05-2020-B2_310.txt,T2,B-2,B,2,13,0.3701878627859793,46.05,20.73389999999999,0,35.040000000000006,0.013854665908496024,3323.79,0.4245270270270259
371,set013-3-05-2020-B2_371.txt,T2,B-2,B,2,13,0.200434060435278,1897.3200000000006,363.78570000000303,0,1897.3200000000006,0.8510489416387448,2229.3899999999994,0.39765822784811955
392,set013-3-05-2020-B2_392.txt,T2,B-2,B,2,13,0,0,0,0,0,0,2237.95,0
90,set013-3-05-2020-B2_90.txt,T2,B-2,B,2,13,0.21356441071998097,15098.0,3148.4112999998583,82.73999999999796,14852.980000000001,0.8963711159280124,16843.47,0.3414673913043208
217,set013-3-05-2020-B3_217.txt,T2,B-3,B,3,13,0,0,0,0,0,0,6481.07,0
327,set013-3-05-2020-B3_327.txt,T2,B-3,B,3,13,0,0,0,0,0,0,2970.3100000000013,0
329,set013-3-05-2020-B3_329.txt,T2,B-3,B,3,13,0.2890432144083908,0,1.8849,0,0,0,2352.0699999999997,0.15067146282966784
345,set013-3-05-2020-B3_345.txt,T2,B-3,B,3,13,0,0,0,0,0,0,2230.1900000000005,0
350,set013-3-05-2020-B3_350.txt,T2,B-3,B,3,13,0.2763741563501215,8095.919999999998,2165.750100000087,0,8095.919999999998,0.8100885843021771,9993.869999999999,0.4870542635669354
43,set013-3-05-2020-B3_43.txt,T2,B-3,B,3,13,0.2699157061148273,1666.87,446.72130000000624,0,1666.87,0.2992440222825823,5570.27,0.3306842105263395
57,set013-3-05-2020-B3_57.txt,T2,B-3,B,3,13,0.3592753264604865,0,1.8849,0,0,0,2233.1499999999996,0.50264
19,set013-3-05-2020-B4_19.txt,T2,B-4,B,4,13,0.2487926124124004,6622.520000000004,1621.0140000000592,0,5913.2800000000025,0.8376585348577474,7905.990000000002,0.32554404145072807
21,set013-3-05-2020-B4_21.txt,T2,B-4,B,4,13,0.1905994361407325,2815.1800000000003,524.630500000008,0,2815.1800000000003,0.9503583448955676,2962.230000000003,0.35297752809011845
326,set013-3-05-2020-B4_326.txt,T2,B-4,B,4,13,0,0,0,0,0,0,6479.35,0
394,set013-3-05-2020-B4_394.txt,T2,B-4,B,4,13,0.34762659406754925,1307.9900000000016,18.848999999999993,0,1257.0600000000013,0.556309783556412,2351.1900000000023,0.40019108280262194
437,set013-3-05-2020-B4_437.txt,T2,B-4,B,4,13,0.20122480095059866,5682.23,1113.9758999999938,0,5682.23,0.5658425005999759,10042.07,0.28559090909091794
99,set013-3-05-2020-B4_99.txt,T2,B-4,B,4,13,0,0,0,0,0,0,2090.1100000000006,0
208,set014-3-06-2020-A1_208.txt,T2,A-1,A,1,14,0.21625652702741804,57.039999999999054,19.477299999999993,0,18.279999999998836,0.02780445241704681,2051.470000000001,0.5817592592592984
318,set014-3-06-2020-A1_318.txt,T2,A-1,A,1,14,0.21015540039576008,677.6500000000015,5.0264,0,664.75,0.33169521143030634,2042.9899999999998,0.43937062937053994
38,set014-3-06-2020-A1_38.txt,T2,A-1,A,1,14,0.42379566125824963,24511.07,10213.644800002641,0,24455.11,0.741131229531717,33072.509999999995,0.5871962616824027
409,set014-3-06-2020-A1_409.txt,T2,A-1,A,1,14,0.3214763114368619,8618.699999999999,2680.956099999967,0,8523.55,0.8334920946533377,10340.47,0.7305813953489222
97,set014-3-06-2020-A1_97.txt,T2,A-1,A,1,14,0,0,0,0,0,0,2015.5100000000002,0
403,set014-3-06-2020-A2_403.txt,T2,A-2,A,2,14,0.38221140936372666,36947.450000000004,13710.762600004358,0,36947.450000000004,0.7811533071070408,47298.59,0.8490540540522175
410,set014-3-06-2020-A2_410.txt,T2,A-2,A,2,14,0.3824310603065726,770.77,28.901799999999984,0,703.5500000000001,0.34650848097680714,2224.39,0.5279831932772867
202,set014-3-06-2020-A3_202.txt,T2,A-3,A,3,14,0,0,0,0,0,0,2059.6700000000005,0
223,set014-3-06-2020-A3_223.txt,T2,A-3,A,3,14,0.40575624028887597,39083.77,15756.507400005363,0,39083.77,0.9976317465422555,39176.549999999996,1.083275862065704
35,set014-3-06-2020-A3_35.txt,T2,A-3,A,3,14,0.3299444213867891,44.570000000000036,11.937699999999998,0,23.909999999999968,0.01997230674093361,2231.59,0.4688805970149142
438,set014-3-06-2020-A3_438.txt,T2,A-3,A,3,14,0.3703895344806027,5281.349999999999,1922.5980000000982,0,5243.2699999999995,0.8722079552116792,6055.150000000001,0.6283
159,set014-3-06-2020-A4_159.txt,T2,A-4,A,4,14,0.22776818094828055,24759.83,5314.789700000236,0,24759.83,0.7958056639510739,31112.909999999996,0.36958823529395946
227,set014-3-06-2020-A4_227.txt,T2,A-4,A,4,14,0.35427660440193215,6.110000000000582,3.1414999999999997,0,5.130000000001019,0.0032149941856491177,1900.4700000000012,0.519256198347482
237,set014-3-06-2020-A4_237.txt,T2,A-4,A,4,14,0,0,0,0,0,0,2060.1099999999997,0
242,set014-3-06-2020-A4_242.txt,T2,A-4,A,4,14,0.28396412682202954,2622.039999999999,679.1923,0,1846.17,0.43005483033431224,6096.990000000002,1.3658695652145827
306,set014-3-06-2020-A4_306.txt,T2,A-4,A,4,14,0.3874788676755556,176.67000000000098,48.37910000000006,69.52000000000044,79.89000000000033,0.08983022407980887,1966.710000000001,1.3658695652172832
384,set014-3-06-2020-A4_384.txt,T2,A-4,A,4,14,0.26584255334053275,31.06999999999971,10.681099999999999,0,31.06999999999971,0.015337832167486805,2025.710000000001,0.3902484472048278
411,set014-3-06-2020-A4_411.txt,T2,A-4,A,4,14,0,0,1.2566,0,0,0,2120.1099999999997,0
413,set014-3-06-2020-A4_413.txt,T2,A-4,A,4,14,0.6674684397032812,6.109999999999985,1.8849,0,6.109999999999985,0.0027277881700603977,2239.91,1.0832758620689953
439,set014-3-06-2020-B1_439.txt,T2,B-1,B,1,14,0.21966253645261238,41331.34,8756.617100001926,0,30509.609999999997,0.8700603886115671,47503.99,0.4274149659863949
56,set014-3-06-2020-B2_56.txt,T2,B-2,B,2,14,0.3136671235113231,26340.99,8057.947500001583,79.56000000000131,26230.27,0.9739693007836202,27044.99,0.5150000000000364
151,set014-3-06-2020-B3_151.txt,T2,B-3,B,3,14,0.23781027001867633,22007.23,5059.699900000111,192.50000000000003,18885.73,0.5357478372027181,41077.59,1.029999999999017
161,set014-3-06-2020-B3_161.txt,T2,B-3,B,3,14,0.7660613226809279,586.46,3.1414999999999997,0,584.0,0.28516690574019604,2056.5499999999997,0.7853750000002678
224,set014-3-06-2020-B3_224.txt,T2,B-3,B,3,14,0,0,0,0,0,0,2118.4300000000003,0
304,set014-3-06-2020-B3_304.txt,T2,B-3,B,3,14,0.6135258059516249,1630.6100000000001,6.911300000000001,0,1618.1,0.724268118806604,2251.39,1.121964285714395
216,set014-3-06-2020-B4_216.txt,T2,B-4,B,4,14,0,0,0,0,0,0,1860.7099999999991,0
240,set014-3-06-2020-B4_240.txt,T2,B-4,B,4,14,0.33017786061893495,19375.17,6335.148900000737,0,19375.17,0.9479032075784625,20440.03,0.6684042553187868
385,set014-3-06-2020-B4_385.txt,T2,B-4,B,4,14,0.21866611810852263,24602.839999999997,5272.065300000215,0,24588.079999999998,0.9761780533685562,25203.23,0.35100558659200753
110,set015-3-09-2020-A1_110.txt,T2,A-1,A,1,15,0.5615652355532655,96.81999999999971,35.184799999999996,96.81999999999971,96.81999999999971,0.04594483013889729,2107.3100000000013,1.0471666666692063
135,set015-3-09-2020-A1_135.txt,T2,A-1,A,1,15,0,0,0.6283,0,0,0,2156.4699999999975,0
211,set015-3-09-2020-A1_211.txt,T2,A-1,A,1,15,0.5857687224862387,1283.090000000001,18.220699999999994,275.6400000000003,997.0200000000004,0.546695980809463,2346.989999999999,1.3368085106375736
212,set015-3-09-2020-A1_212.txt,T2,A-1,A,1,15,0.5796248048106332,218.96999999999753,8.7962,209.1999999999971,209.1999999999971,0.1110851820473913,1971.1900000000023,1.2566
248,set015-3-09-2020-A1_248.txt,T2,A-1,A,1,15,0.44047486772450106,0,1.8849,0,0,0,2098.1100000000006,0.2991904761906835
253,set015-3-09-2020-A1_253.txt,T2,A-1,A,1,15,0.4990665672928516,163.28999999999985,54.66210000000009,0,57.68000000000001,0.07081369177461387,2305.91,1.3658695652172832
293,set015-3-09-2020-A1_293.txt,T2,A-1,A,1,15,0,0,0,0,0,0,2095.2299999999996,0
31,set015-3-09-2020-A1_31.txt,T2,A-1,A,1,15,0.5767748206775092,344.91999999999825,170.26929999999945,64.93000000000029,190.60999999999876,0.16178008752221973,2132.0300000000007,1.3089583333345238
311,set015-3-09-2020-A1_311.txt,T2,A-1,A,1,15,0.5104413029601429,735.7800000000007,23.87539999999999,0,678.0799999999999,0.35855502005292256,2052.0699999999997,1.3962222222199647
335,set015-3-09-2020-A1_335.txt,T2,A-1,A,1,15,0.5313093374815452,1258.069999999998,29.530099999999983,104.21999999999935,790.0200000000004,0.588336801739658,2138.3500000000004,1.3962222222199647
347,set015-3-09-2020-A1_347.txt,T2,A-1,A,1,15,0.5992139181354313,483.78999999999996,13.194299999999997,103.2199999999998,365.2800000000002,0.21194040312441131,2282.67,1.3962222222227865
395,set015-3-09-2020-A1_395.txt,T2,A-1,A,1,15,0.6709785810648498,1130.29,25.760299999999987,269.3599999999997,807.8999999999996,0.49857743391132897,2267.0299999999997,1.3658695652172832
397,set015-3-09-2020-A1_397.txt,T2,A-1,A,1,15,0.5729657855301985,1952.0499999999993,4.3980999999999995,0,1951.3500000000022,0.9529865501501195,2048.350000000002,0.27081896551727536
434,set015-3-09-2020-A1_434.txt,T2,A-1,A,1,15,0.5050363685530095,27.850000000000364,10.681099999999999,0,17.840000000000146,0.012710220660383974,2191.1500000000015,1.2566
120,set015-3-09-2020-A2_120.txt,T2,A-2,A,2,15,0.15813415126588506,0,1.8849,0,0,0,2186.4300000000003,0.10183144246353203
124,set015-3-09-2020-A2_124.txt,T2,A-2,A,2,15,0.3269099941661852,8874.829999999998,2631.9486999999785,0,5445.809999999998,0.450346507045584,19706.67,0.50264
139,set015-3-09-2020-A2_139.txt,T2,A-2,A,2,15,0.2896734885717374,587.6400000000003,6.283,0,580.5500000000002,0.2503376090040429,2347.3900000000003,0.32056122448978996
214,set015-3-09-2020-A2_214.txt,T2,A-2,A,2,15,0.38791734379509535,3909.1399999999994,1497.2389000000433,0,3909.1399999999994,0.932882142234971,4190.389999999999,0.519256198347482
221,set015-3-09-2020-A2_221.txt,T2,A-2,A,2,15,0,0,0,0,0,0,1996.2300000000032,0
269,set015-3-09-2020-A2_269.txt,T2,A-2,A,2,15,0,0,0,0,0,0,2282.4300000000003,0
313,set015-3-09-2020-A2_313.txt,T2,A-2,A,2,15,0,0,0,0,0,0,2190.4699999999993,0
428,set015-3-09-2020-A2_428.txt,T2,A-2,A,2,15,0,0,0,0,0,0,2266.669999999999,0
432,set015-3-09-2020-A2_432.txt,T2,A-2,A,2,15,0.2368970536488071,1943.9799999999996,432.2704000000057,0,1943.9799999999996,0.9049554267625624,2148.1500000000015,0.40535483870986766
5,set015-3-09-2020-A2_5.txt,T2,A-2,A,2,15,0,0,0.6283,0,0,0,2313.07,0
261,set015-3-09-2020-A3_261.txt,T2,A-3,A,3,15,0.5170697442794389,1487.38,749.5618999999964,0,1487.38,0.6078406532106794,2446.99,0.6041346153846365
344,set015-3-09-2020-A3_344.txt,T2,A-3,A,3,15,0,0,0,0,0,0,2168.4699999999993,0
390,set015-3-09-2020-A3_390.txt,T2,A-3,A,3,15,0,0,0.6283,0,0,0,2320.59,0
406,set015-3-09-2020-A3_406.txt,T2,A-3,A,3,15,0.28984222190763637,31524.059999999998,8652.947600001875,0,22585.149999999998,0.9726469033732493,32410.589999999997,1.2822448979645147
431,set015-3-09-2020-A3_431.txt,T2,A-3,A,3,15,0,0,0,0,0,0,2281.31,0
104,set015-3-09-2020-A4_104.txt,T2,A-4,A,4,15,0,0,0,0,0,0,1960.7900000000009,0
146,set015-3-09-2020-A4_146.txt,T2,A-4,A,4,15,0.1726809852246239,0,1.8849,0,0,0,2185.4699999999993,0.1886786786786828
184,set015-3-09-2020-A4_184.txt,T2,A-4,A,4,15,0.15432101359063363,7.3799999999992,6.283,0,7.3799999999992,0.003726011905062024,1980.67,0.1454398148148246
213,set015-3-09-2020-A4_213.txt,T2,A-4,A,4,15,0.3235381576686783,2057.880000000003,6.911300000000001,0,793.960000000001,0.9350812223105772,2200.75,0.4245270270271522
222,set015-3-09-2020-A4_222.txt,T2,A-4,A,4,15,0.6159803921587961,0,1.8849,0,0,0,1944.510000000002,0
228,set015-3-09-2020-A4_228.txt,T2,A-4,A,4,15,0.2233062789130388,3492.51,734.4826999999972,0,3492.51,0.7691753714825607,4540.59,1.1854716981137772
231,set015-3-09-2020-A4_231.txt,T2,A-4,A,4,15,0.2782823862870946,25.840000000000224,10.681099999999999,0,17.170000000000073,0.011096462787771657,2328.67,0.9817187499999991
259,set015-3-09-2020-A4_259.txt,T2,A-4,A,4,15,0.5059835922379667,8.06000000000131,4.3980999999999995,0,8.06000000000131,0.0038444110562597185,2096.5499999999993,1.336808510645334
330,set015-3-09-2020-A4_330.txt,T2,A-4,A,4,15,0.22564998912741163,10.110000000000582,2.5132,0,10.110000000000582,0.004703660108217022,2149.3899999999994,0.4245270270271522
339,set015-3-09-2020-A4_339.txt,T2,A-4,A,4,15,0,0,0,0,0,0,2048.3099999999977,0
354,set015-3-09-2020-A4_354.txt,T2,A-4,A,4,15,0.4819012035118824,0,3.1414999999999997,0,0,0,2243.2700000000004,0.2882110091745139
388,set015-3-09-2020-A4_388.txt,T2,A-4,A,4,15,0.24106883564298645,667.1599999999999,155.81839999999954,0,667.1599999999999,0.3091637897078244,2157.9500000000007,0.4393706293716577
418,set015-3-09-2020-A4_418.txt,T2,A-4,A,4,15,0.14476958525345135,0,1.8849,0,0,0,2355.95,0
130,set015-3-09-2020-B1_130.txt,T2,B-1,B,1,15,0,0,0,0,0,0,2395.39,0
25,set015-3-09-2020-B1_25.txt,T2,B-1,B,1,15,0.3187433850780524,4308.379999999999,1343.9337000000235,0,4308.379999999999,0.9410662292303288,4578.1900000000005,0.5764220183485469
7,set015-3-09-2020-B1_7.txt,T2,B-1,B,1,15,0.26961862120137203,40806.92999999999,10887.182400002972,0,22027.51,0.9910514508787893,41175.39,0.5511403508770346
188,set015-3-09-2020-B2_188.txt,T2,B-2,B,2,15,0,0,0,0,0,0,1948.1900000000023,0
249,set015-3-09-2020-B2_249.txt,T2,B-2,B,2,15,0.26339853149218573,1267.7999999999993,324.8311000000015,0,1267.7999999999993,0.6040278049082616,2098.91,0.45528985507212766
268,set015-3-09-2020-B2_268.txt,T2,B-2,B,2,15,0.28661210507570156,2391.0899999999997,664.7414000000008,0,2391.0899999999997,0.9951140946300819,2402.83,0.3590285714285714
49,set015-3-09-2020-B2_49.txt,T2,B-2,B,2,15,0.1951793811589553,22971.26,4360.401999999767,92.22000000000116,21396.3,0.9733984829037464,23599.03,0.566036036036203
147,set015-3-09-2020-B3_147.txt,T2,B-3,B,3,15,0.28480507749458833,23268.269999999993,10572.404100002817,0,19962.55,0.5652155958633925,41167.07,1.3962222222199647
17,set015-3-09-2020-B3_17.txt,T2,B-3,B,3,15,0.33905313410806626,616.1600000000001,8.167900000000001,0,592.72,0.25563516726064284,2410.31,1.2319607843137301
319,set015-3-09-2020-B3_319.txt,T2,B-3,B,3,15,0.22012231811969082,1147.79,248.80679999999893,0,1147.79,0.48699758578114194,2356.87,0.3951572327043663
87,set015-3-09-2020-B3_87.txt,T2,B-3,B,3,15,0,0,0,0,0,0,2214.7099999999996,0
101,set015-3-09-2020-B4_101.txt,T2,B-4,B,4,15,0,0,0,0,0,0,2164.3899999999994,0
118,set015-3-09-2020-B4_118.txt,T2,B-4,B,4,15,0,0,0,0,0,0,2269.3500000000004,0
20,set015-3-09-2020-B4_20.txt,T2,B-4,B,4,15,0.728536231916886,11.069999999999936,6.283,0,11.069999999999936,0.0023892206651400264,4633.31,1.396222222222081
200,set015-3-09-2020-B4_200.txt,T2,B-4,B,4,15,0.15432329836285585,1590.0599999999977,483.79100000000767,0,1434.039999999999,0.24537394967709053,6480.149999999998,0.860684931507364
24,set015-3-09-2020-B4_24.txt,T2,B-4,B,4,15,0.28839673887052286,81.97999999999593,22.61879999999999,0,43.82999999999811,0.042390804122216616,1933.9099999999999,0.44878571428524777
323,set015-3-09-2020-B4_323.txt,T2,B-4,B,4,15,0.26166165068937064,2710.2899999999972,696.1563999999992,0,2710.2899999999972,0.6523415593386778,4154.709999999999,0.35100558659200753
360,set015-3-09-2020-B4_360.txt,T2,B-4,B,4,15,0,0,0,0,0,0,1938.4700000000012,0
391,set015-3-09-2020-B4_391.txt,T2,B-4,B,4,15,0.35611552798185325,1429.0,503.89660000000845,0,1429.0,0.7083690657360546,2017.3099999999995,0.5150000000002763
63,set015-3-09-2020-B4_63.txt,T2,B-4,B,4,15,0,0,0,0,0,0,2101.949999999997,0
9,set015-3-09-2020-B4_9.txt,T2,B-4,B,4,15,0,0,0,0,0,0,2355.3500000000004,0
1,set016-3-10-2020-A1_1.txt,T2,A-1,A,1,16,0.5190317982544987,322.83000000000004,157.07499999999953,0,322.83000000000004,0.1468938121954216,2197.71,0.5609821428571975
250,set016-3-10-2020-A1_250.txt,T2,A-1,A,1,16,0,0,0,0,0,0,1916.789999999999,0
353,set016-3-10-2020-A1_353.txt,T2,A-1,A,1,16,0.19087475874355336,28588.380000000012,4771.938499999969,60.529999999998836,11479.880000000001,0.7869570782666147,36327.75,0.5817592592592984
401,set016-3-10-2020-A1_401.txt,T2,A-1,A,1,16,0,0,0,0,0,0,2123.91,0
54,set016-3-10-2020-A1_54.txt,T2,A-1,A,1,16,0,0,0,0,0,0,1884.83,0
71,set016-3-10-2020-A1_71.txt,T2,A-1,A,1,16,0.21046155854758694,4569.460000000001,856.3728999999909,0,3123.4900000000002,0.7645136733618317,5976.950000000001,0.5108130081300737
14,set016-3-10-2020-A2_14.txt,T2,A-2,A,2,16,0,0,0,0,0,0,2075.9500000000007,0
203,set016-3-10-2020-A2_203.txt,T2,A-2,A,2,16,0,0,0,0,0,0,4069.709999999999,0
3,set016-3-10-2020-A2_3.txt,T2,A-2,A,2,16,0.3575913175702679,1407.87,486.30420000000777,152.75,1255.12,0.63871283849689,2204.23,0.46198529411765205
426,set016-3-10-2020-A2_426.txt,T2,A-2,A,2,16,0.285480639696935,10471.79,2905.887499999915,0,10471.79,0.8795337168351942,11906.07,0.566036036036203
245,set016-3-10-2020-A3_245.txt,T2,A-3,A,3,16,0,0,0,0,0,0,2210.55,0
324,set016-3-10-2020-A3_324.txt,T2,A-3,A,3,16,0.3489776110152205,47742.07,16343.967900005651,0,31852.469999999998,0.9901413244131841,48217.43,1.3658695652199837
156,set016-3-10-2020-A4_156.txt,T2,A-4,A,4,16,0,0,0.6283,0,0,0,1914.9899999999998,0
206,set016-3-10-2020-A4_206.txt,T2,A-4,A,4,16,0.15946700507614106,0,1.8849,0,0,0,2218.71,0
210,set016-3-10-2020-A4_210.txt,T2,A-4,A,4,16,0.2560500674874606,2785.4300000000003,698.0412999999991,0,2785.4300000000003,0.6934467572364997,4016.790000000001,1.3658695652145827
218,set016-3-10-2020-A4_218.txt,T2,A-4,A,4,16,0.4246690739655148,10830.240000000002,4465.956399999819,0,10830.240000000002,0.8583010453922618,12618.230000000001,1.3962222222312521
246,set016-3-10-2020-A4_246.txt,T2,A-4,A,4,16,0,0,0.6283,0,0,0,1918.2300000000005,0
48,set016-3-10-2020-A4_48.txt,T2,A-4,A,4,16,0,0,1.2566,0,0,0,1866.71,0
59,set016-3-10-2020-A4_59.txt,T2,A-4,A,4,16,0,0,0,0,0,0,2182.27,0
10,set016-3-10-2020-B1_10.txt,T2,B-1,B,1,16,0.2987671255097027,8561.369999999999,2489.3246000000117,0,8561.369999999999,0.8883936863579714,9636.91,0.5370085470085136
247,set016-3-10-2020-B1_247.txt,T2,B-1,B,1,16,0.2408911685518492,24.409999999999854,3.1414999999999997,0,24.409999999999854,0.0061561974321014705,3965.1099999999988,0.27081896551727536
314,set016-3-10-2020-B1_314.txt,T2,B-1,B,1,16,0.808815257954571,2.4099999999998545,2.5132,0,2.4099999999998545,0.0010856687223795762,2219.83,1.0649152542370255
393,set016-3-10-2020-B1_393.txt,T2,B-1,B,1,16,0,0,0,0,0,0,2412.79,0
6,set016-3-10-2020-B1_6.txt,T2,B-1,B,1,16,0.37829976426987305,37066.71,13521.644300004265,0,34142.2,0.9915044573512257,37384.31,0.5370085470093485
169,set016-3-10-2020-B2_169.txt,T2,B-2,B,2,16,0.1818019445199248,9907.430000000004,1495.982300000043,82.71999999999935,1868.5100000000002,0.8216430987711967,12058.07,1.3962222222199647
170,set016-3-10-2020-B2_170.txt,T2,B-2,B,2,16,0,0,0.6283,0,0,0,2218.790000000001,0
201,set016-3-10-2020-B2_201.txt,T2,B-2,B,2,16,0,0,0,0,0,0,1944.2300000000032,0
258,set016-3-10-2020-B2_258.txt,T2,B-2,B,2,16,0.29892669734673616,27.30000000000109,7.539600000000001,0,24.23999999999978,0.006776093544840386,4028.870000000001,0.44878571428583086
108,set016-3-10-2020-B3_108.txt,T2,B-3,B,3,16,0.5439625434910275,46.10999999999876,18.848999999999993,0,31.399999999999636,0.02078946775175218,2217.9500000000007,1.3658695652145827
115,set016-3-10-2020-B3_115.txt,T2,B-3,B,3,16,0.6190231788074405,0,1.8849,0,0,0,1903.3100000000013,0.20804635761586396
225,set016-3-10-2020-B3_225.txt,T2,B-3,B,3,16,0.22930839122758895,8717.68,1933.2791000000996,0,8717.68,0.9037096163913525,9646.55,0.40019108280262194
267,set016-3-10-2020-B3_267.txt,T2,B-3,B,3,16,0,0,0,0,0,0,2419.43,0
342,set016-3-10-2020-B3_342.txt,T2,B-3,B,3,16,0.5581061941168148,78.21000000000276,4.3980999999999995,73.43000000000029,73.43000000000029,0.019250697194730312,4062.709999999999,1.0133870967699121
116,set016-3-10-2020-B4_116.txt,T2,B-4,B,4,16,0.35446766309520533,2702.260000000002,23.87539999999999,0,2639.260000000002,0.6500645912468642,4156.91,0.4724060150376198
119,set016-3-10-2020-B4_119.txt,T2,B-4,B,4,16,0.2552320748314913,55.090000000000146,14.450899999999995,0,27.0,0.027850379410233286,1978.0699999999997,0.32220512820515823
343,set016-3-10-2020-B4_343.txt,T2,B-4,B,4,16,0.14024473202484375,1115.22,150.79199999999958,66.25999999999999,690.82,0.45947716457573695,2427.15,0.4001910828025495
420,set016-3-10-2020-B4_420.txt,T2,B-4,B,4,16,0,0,0,0,0,0,1800.390000000003,0
53,set016-3-10-2020-B4_53.txt,T2,B-4,B,4,16,0.2009728355479015,7733.910000000003,1377.8619000000278,0,7154.160000000001,0.7821961824255648,9887.43,1.3368085106349867
