ID,pophost,population,sex,beak,thorax,wing,body,w_morph,notes,date_measured,date_entered,recorder,lat,long
2,C.corindum,Plantation Key,F,8.26,3.33,6.94,10.92,S,,03.19.2020,03.25.2020,AB,24.985185,-80.547098
8,C.corindum,Plantation Key,F,7.17,3.09,6.10,9.65,S,,03.19.2020,03.25.2020,AB,24.985185,-80.547098
12,C.corindum,Plantation Key,F,8.50,3.67,9.20,12.91,L,,03.19.2020,03.25.2020,AB,24.985185,-80.547098
13,C.corindum,Plantation Key,M,6.75,3.39,8.71,11.97,L,wings torn at end,03.19.2020,03.25.2020,AB,24.985185,-80.547098
15,C.corindum,Plantation Key,M,6.01,2.97,7.62,10.51,L,,03.19.2020,03.25.2020,AB,24.985185,-80.547098
16,C.corindum,Plantation Key,F,7.76,3.44,9.12,12.56,L,,03.19.2020,03.25.2020,AB,24.985185,-80.547098
17,C.corindum,Plantation Key,M,5.74,2.61,4.39,7.52,S,,03.19.2020,03.25.2020,AB,24.985185,-80.547098
18,C.corindum,Plantation Key,M,5.52,2.44,4.31,7.19,S,,03.19.2020,03.25.2020,AB,24.985185,-80.547098
21,C.corindum,Plantation Key,M,5.26,2.64,4.98,7.87,S,,03.19.2020,03.25.2020,AB,24.985185,-80.547098
26,C.corindum,Plantation Key,M,6.36,3.53,9.33,11.98,L,,03.19.2020,03.25.2020,AB,24.985185,-80.547098
30,C.corindum,Plantation Key,F,8.10,3.32,8.38,11.68,L,,03.19.2020,03.25.2020,AB,24.985185,-80.547098
31,C.corindum,Plantation Key,M,5.87,2.70,7.40,10.53,L,,03.19.2020,03.25.2020,AB,24.985185,-80.547098
33,C.corindum,Plantation Key,M,5.36,2.57,4.27,4.33,S,,03.19.2020,03.25.2020,AB,24.985185,-80.547098
34,C.corindum,Plantation Key,F,9.08,3.88,9.80,13.68,L,,03.19.2020,03.25.2020,AB,24.985185,-80.547098
35,C.corindum,Plantation Key,M,5.72,2.97,7.96,11.05,L,,03.19.2020,03.25.2020,AB,24.985185,-80.547098
37,C.corindum,Key Largo,F,8.17,3.18,8.37,11.91,L,wings torn at end,03.19.2020,03.25.2020,AB,25.12846,-80.40809
39,C.corindum,Key Largo,F,7.78,3.44,8.82,11.79,L,wings torn at end,03.19.2020,03.25.2020,AB,25.12846,-80.40809
41,C.corindum,Key Largo,M,5.56,2.76,4.59,7.77,S,,03.19.2020,03.25.2020,AB,25.12846,-80.40809
46,C.corindum,Key Largo,F,7.93,3.74,9.31,13.21,L,wings torn at end,03.19.2020,03.25.2020,AB,25.12846,-80.40809
47,C.corindum,Key Largo,M,6.63,3.07,7.87,11.37,L,wings torn at end,03.19.2020,03.25.2020,AB,25.12846,-80.40809
48,C.corindum,Key Largo,F,8.56,3.55,9.12,12.58,L,,03.19.2020,03.25.2020,AB,25.12846,-80.40809
49,C.corindum,Key Largo,M,6.58,3.33,9.56,12.32,L,,03.19.2020,03.25.2020,AB,25.12846,-80.40809
50,C.corindum,Key Largo,M,6.25,3.37,8.67,11.84,L,,03.19.2020,03.25.2020,AB,25.12846,-80.40809
51,C.corindum,Key Largo,F,6.95,3.70,9.47,13.09,L,wings torn at end,03.19.2020,03.25.2020,AB,25.12846,-80.40809
54,C.corindum,Key Largo,M,3.60,2.37,7.13,9.19,L,,03.19.2020,03.25.2020,AB,25.12846,-80.40809
56,C.corindum,Key Largo,M,5.91,2.86,7.62,10.64,L,,03.19.2020,03.25.2020,AB,25.12846,-80.40809
58,C.corindum,Key Largo,F,9.66,3.89,9.95,13.57,L,wings torn at end,03.19.2020,03.25.2020,AB,25.12846,-80.40809
59,C.corindum,Key Largo,M,6.34,3.43,8.32,11.36,L,wings torn at end,03.20.2020,03.25.2020,AB,25.12846,-80.40809
62,C.corindum,Key Largo,F,7.58,3.23,8.24,11.90,L,,03.20.2020,03.25.2020,AB,25.12846,-80.40809
64,C.corindum,Key Largo,F,7.68,3.25,8.39,11.53,L,wings torn at end,03.20.2020,03.25.2020,AB,25.12846,-80.40809
65,C.corindum,Key Largo,F,7.33,3.23,8.13,11.92,L,wings torn at end,03.20.2020,03.25.2020,AB,25.12846,-80.40809
66,C.corindum,North Key Largo,F,8.10,3.42,8.88,12.66,L,,03.20.2020,03.25.2020,AB,25.12846,-80.40809
67,C.corindum,North Key Largo,M,6.23,2.94,7.76,10.94,L,,03.20.2020,03.25.2020,AB,25.1755048,-80.36782055
68,C.corindum,North Key Largo,F,8.26,3.77,10.11,13.74,L,,03.20.2020,03.25.2020,AB,25.1755048,-80.36782055
69,C.corindum,North Key Largo,F,8.74,3.43,8.99,12.55,L,,03.20.2020,03.25.2020,AB,25.1755048,-80.36782055
73,C.corindum,North Key Largo,M,5.92,3.07,8.41,11.38,L,,03.20.2020,03.25.2020,AB,25.1755048,-80.36782055
74,C.corindum,North Key Largo,F,8.80,3.51,9.27,12.74,L,wings torn at end,03.20.2020,03.25.2020,AB,25.1755048,-80.36782055
76,C.corindum,North Key Largo,F,6.53,3.18,5.89,9.30,S,,03.20.2020,03.25.2020,AB,25.1755048,-80.36782055
78,C.corindum,North Key Largo,M,5.79,2.78,7.88,10.34,L,wings torn at end,03.20.2020,03.25.2020,AB,25.1755048,-80.36782055
81,C.corindum,North Key Largo,M,6.60,2.89,7.98,11.27,L,,03.20.2020,03.25.2020,AB,25.173694,-80.371532
82,C.corindum,North Key Largo,M,6.31,3.09,8.15,11.11,L,,03.20.2020,03.25.2020,AB,25.173694,-80.371532
84,C.corindum,North Key Largo,M,6.62,2.99,8.62,11.57,L,,03.20.2020,03.25.2020,AB,25.173694,-80.371532
85,C.corindum,North Key Largo,F,8.67,3.52,9.46,13.17,L,wings torn at end,03.20.2020,03.25.2020,AB,25.173694,-80.371532
86,C.corindum,North Key Largo,M,6.19,2.84,7.69,10.69,L,,03.20.2020,03.25.2020,AB,25.173694,-80.371532
89,K.elegans,Homestead,M,6.20,3.31,8.85,12.20,L,,03.20.2020,03.25.2020,AB,25.491968,-80.48562
90,K.elegans,Homestead,F,7.94,3.75,10.28,13.41,L,,03.20.2020,03.25.2020,AB,25.491968,-80.48562
91,K.elegans,Homestead,M,5.93,3.21,8.53,11.82,L,,03.20.2020,03.25.2020,AB,25.491968,-80.48562
92,K.elegans,Homestead,M,5.92,3.19,8.71,11.52,L,,03.20.2020,03.25.2020,AB,25.491968,-80.48562
95,K.elegans,Homestead,F,8.37,3.80,10.22,14.17,L,,03.20.2020,03.25.2020,AB,25.491968,-80.48562
96,K.elegans,Homestead,M,5.69,3.10,8.70,11.60,L,,03.20.2020,03.25.2020,AB,25.491968,-80.48562
98,K.elegans,Homestead,F,7.88,4.07,10.46,14.08,L,,03.20.2020,03.25.2020,AB,25.491968,-80.48562
99,K.elegans,Homestead,M,5.95,3.03,8.89,11.69,L,,03.20.2020,03.25.2020,AB,25.491968,-80.48562
101,K.elegans,Homestead,M,5.84,3.15,8.74,11.55,L,,03.20.2020,03.25.2020,AB,25.491968,-80.48562
102,K.elegans,Homestead,F,8.54,3.59,9.63,13.36,L,,03.20.2020,03.25.2020,AB,25.491968,-80.48562
103,K.elegans,Homestead,M,5.86,3.12,8.64,11.82,L,,03.20.2020,03.25.2020,AB,25.491968,-80.48562
105,K.elegans,Homestead,F,8.02,3.69,9.86,13.57,L,,03.20.2020,03.25.2020,AB,25.491968,-80.48562
107,K.elegans,Homestead,F,8.33,3.74,9.30,12.73,L,,03.20.2020,03.25.2020,AB,25.491968,-80.48562
108,K.elegans,Homestead,F,7.96,3.67,10.00,13.34,L,,03.20.2020,03.25.2020,AB,25.491968,-80.48562
109,K.elegans,Homestead,F,7.98,3.66,10.23,13.60,L,,03.20.2020,03.25.2020,AB,25.491968,-80.48562
110,K.elegans,Homestead,F,6.29,2.62,4.78,8.52,S,,03.20.2020,03.25.2020,AB,25.491968,-80.48562
111,K.elegans,Homestead,M,5.38,3.00,8.22,10.99,L,,03.20.2020,03.25.2020,AB,25.491968,-80.48562
113,K.elegans,Homestead,M,5.88,3.15,8.60,11.69,L,,03.20.2020,03.25.2020,AB,25.491968,-80.48562
114,K.elegans,Homestead,M,6.00,3.23,9.32,12.26,L,,03.20.2020,03.25.2020,AB,25.491968,-80.48562
116,K.elegans,Homestead,M,6.08,3.05,8.29,11.20,L,,03.20.2020,03.25.2020,AB,25.491968,-80.48562
124,K.elegans,Homestead,M,6.06,3.29,8.80,12.10,L,,03.20.2020,03.25.2020,AB,25.491968,-80.48562
118,K.elegans,Homestead,M,5.74,3.15,8.74,11.78,L,,03.20.2020,03.25.2020,AB,25.491968,-80.48562
119,K.elegans,Homestead,M,5.57,3.04,8.33,11.11,L,,03.20.2020,03.25.2020,AB,25.491968,-80.48562
120,K.elegans,Homestead,M,5.70,3.23,8.54,11.59,L,,03.20.2020,03.25.2020,AB,25.491968,-80.48562
123,K.elegans,Homestead,M,6.12,3.26,9.14,12.22,L,,03.20.2020,03.25.2020,AB,25.491968,-80.48562
125,K.elegans,Homestead,M,6.14,3.19,9.02,12.10,L,,03.20.2020,03.25.2020,AB,25.491968,-80.48562
126,K.elegans,Homestead,M,5.88,3.39,9.00,12.18,L,,03.20.2020,03.25.2020,AB,25.491968,-80.48562
128,K.elegans,Homestead,M,5.88,2.89,7.94,10.62,L,wings torn at end,03.20.2020,03.25.2020,AB,25.491968,-80.48562
127,K.elegans,Homestead,M,5.32,2.87,7.66,10.65,L,wings torn at end,03.20.2020,03.25.2020,AB,25.491968,-80.48562
129,K.elegans,Homestead,M,5.58,3.11,8.49,11.18,L,wings torn at end,03.20.2020,03.25.2020,AB,25.491968,-80.48562
131,K.elegans,Homestead,F,7.97,3.91,9.98,13.19,L,,03.20.2020,03.25.2020,AB,25.491968,-80.48562
132,K.elegans,Homestead,M,5.75,3.32,9.04,11.98,L,,03.20.2020,03.25.2020,AB,25.491968,-80.48562
134,K.elegans,Homestead,M,5.27,3.16,8.45,11.21,L,,03.20.2020,03.25.2020,AB,25.491968,-80.48562
135,K.elegans,Homestead,F,7.61,3.46,9.41,12.90,L,,03.20.2020,03.25.2020,AB,25.491968,-80.48562
136,K.elegans,Homestead,M,5.50,3.01,8.61,11.37,L,,03.20.2020,03.25.2020,AB,25.491968,-80.48562
139,K.elegans,Lake Wales,F,6.97,3.45,9.61,12.86,L,,03.20.2020,03.25.2020,AB,27.903346,-81.589461
141,K.elegans,Lake Wales,F,7.62,3.49,9.78,13.42,L,,03.20.2020,03.25.2020,AB,27.903346,-81.589461
142,K.elegans,Lake Wales,F,8.27,3.77,10.10,13.86,L,,03.20.2020,03.25.2020,AB,27.903346,-81.589461
146,K.elegans,Lake Wales,NA,NA,NA,NA,NA,NA,bug broke apart when tried to get out of tube,03.20.2020,03.25.2020,AB,27.903346,-81.589461
148,K.elegans,Lake Wales,M,5.53,3.12,8.19,11.19,L,wings torn at end,03.20.2020,03.25.2020,AB,27.903346,-81.589461
149,K.elegans,Lake Wales,F,8.18,3.73,10.05,13.89,L,wings torn at end,03.20.2020,03.25.2020,AB,27.903346,-81.589461
152,K.elegans,Lake Wales,M,6.16,3.22,8.75,11.93,L,,03.20.2020,03.25.2020,AB,27.903346,-81.589461
153,K.elegans,Lake Wales,F,7.30,3.70,10.42,13.97,L,wings torn at end,03.20.2020,03.25.2020,AB,27.903346,-81.589461
154,K.elegans,Lake Wales,F,7.72,3.54,10.05,13.24,L,,03.20.2020,03.25.2020,AB,27.903346,-81.589461
155,K.elegans,Lake Wales,M,6.07,3.09,8.31,11.48,L,wings torn at end,03.20.2020,03.25.2020,AB,27.903346,-81.589461
158,K.elegans,Lake Wales,M,5.54,2.64,5.53,8.33,L,,03.20.2020,03.25.2020,AB,27.903346,-81.589461
159,K.elegans,Lake Wales,M,5.51,3.18,8.44,11.46,L,,03.20.2020,03.25.2020,AB,27.903346,-81.589461
180,C.corindum,North Key Largo,M,6.06,2.77,5.44,8.43,S,,03.20.2020,03.25.2020,AB,25.18229498,-80.36369887
183,C.corindum,North Key Largo,M,6.56,3.06,8.04,10.92,L,,03.20.2020,03.25.2020,AB,25.18229498,-80.36369887
187,C.corindum,North Key Largo,F,8.98,3.68,9.06,12.81,L,,03.20.2020,03.25.2020,AB,25.18229498,-80.36369887
189,C.corindum,North Key Largo,M,5.42,2.57,4.51,7.69,S,,03.20.2020,03.25.2020,AB,25.18229498,-80.36369887
190,C.corindum,North Key Largo,M,5.63,2.77,5.22,8.44,S,,03.20.2020,03.25.2020,AB,25.18229498,-80.36369887
191,C.corindum,North Key Largo,M,6.03,3.04,8.25,11.01,L,,03.23.2020,03.26.2020,AB,25.18229498,-80.36369887
195,C.corindum,North Key Largo,M,6.22,3.08,8.29,10.99,L,wings torn at end,03.23.2020,03.26.2020,AB,25.18229498,-80.36369887
196,C.corindum,North Key Largo,F,6.93,3.07,5.38,8.57,S,,03.23.2020,03.26.2020,AB,25.18229498,-80.36369887
197,C.corindum,North Key Largo,M,5.75,2.73,7.82,10.43,L,wings torn at end,03.23.2020,03.26.2020,AB,25.18229498,-80.36369887
198,C.corindum,North Key Largo,F,7.51,3.00,8.21,11.68,L,,03.23.2020,03.26.2020,AB,25.18229498,-80.36369887
201,C.corindum,North Key Largo,M,5.53,2.75,5.90,8.85,SL,,03.23.2020,03.26.2020,AB,25.18229498,-80.36369887
202,C.corindum,North Key Largo,F,6.86,3.06,5.86,9.31,S,,03.23.2020,03.26.2020,AB,25.18229498,-80.36369887
203,C.corindum,North Key Largo,F,7.79,3.45,9.24,12.54,L,,03.23.2020,03.26.2020,AB,25.18229498,-80.36369887
204,C.corindum,North Key Largo,M,6.21,2.94,6.89,9.95,L,wings torn at end,03.23.2020,03.26.2020,AB,25.18229498,-80.36369887
205,C.corindum,North Key Largo,M,5.78,2.81,7.14,10.16,L,wings torn at end,03.23.2020,03.26.2020,AB,25.18229498,-80.36369887
217,C.corindum,North Key Largo,F,9.07,3.66,9.48,13.11,L,,03.23.2020,03.26.2020,AB,25.18229498,-80.36369887
208,C.corindum,North Key Largo,F,8.86,3.75,9.60,13.42,L,,03.23.2020,03.26.2020,AB,25.18229498,-80.36369887
210,C.corindum,North Key Largo,M,5.36,2.65,5.34,8.43,LS,,03.23.2020,03.26.2020,AB,25.18229498,-80.36369887
213,C.corindum,North Key Largo,M,6.46,3.37,8.66,11.77,L,wings torn at end,03.23.2020,03.26.2020,AB,25.18229498,-80.36369887
214,C.corindum,North Key Largo,M,5.12,2.35,3.86,6.85,S,,03.23.2020,03.26.2020,AB,25.18229498,-80.36369887
223,C.corindum,North Key Largo,F,8.57,3.59,8.91,12.73,L,,03.23.2020,03.26.2020,AB,25.25647566,-80.31068981
224,C.corindum,North Key Largo,M,5.48,2.92,7.85,10.66,L,wings torn at end,03.23.2020,03.26.2020,AB,25.25647566,-80.31068981
226,C.corindum,North Key Largo,M,6.34,2.91,8.08,11.25,L,,03.23.2020,03.26.2020,AB,25.25647566,-80.31068981
229,C.corindum,North Key Largo,F,7.66,3.16,8.36,11.67,L,,03.23.2020,03.26.2020,AB,25.25647566,-80.31068981
234,C.corindum,North Key Largo,F,8.64,3.99,9.71,13.56,L,,03.23.2020,03.26.2020,AB,25.25647566,-80.31068981
235,C.corindum,North Key Largo,F,9.09,3.66,9.75,13.43,L,,03.23.2020,03.26.2020,AB,25.25647566,-80.31068981
237,C.corindum,North Key Largo,F,7.79,3.37,8.52,12.15,L,,03.23.2020,03.26.2020,AB,25.25647566,-80.31068981
238,C.corindum,North Key Largo,F,8.26,3.48,9.41,13.56,L,wings torn at end,03.23.2020,03.26.2020,AB,25.25647566,-80.31068981
242,C.corindum,North Key Largo,F,5.83,2.68,4.53,7.45,S,,03.23.2020,03.26.2020,AB,25.27352007,-80.30428184
245,C.corindum,North Key Largo,F,9.07,3.67,9.91,13.69,L,,03.23.2020,03.26.2020,AB,25.27352007,-80.30428184
239,C.corindum,North Key Largo,F,8.77,3.51,9.26,12.35,L,,03.23.2020,03.26.2020,AB,25.27352007,-80.30428184
249,C.corindum,North Key Largo,F,8.22,3.50,8.73,12.27,L,,03.23.2020,03.26.2020,AB,25.252842,-80.311826
250,C.corindum,North Key Largo,F,7.37,3.25,6.22,9.77,S,,03.23.2020,03.26.2020,AB,25.252842,-80.311826
252,C.corindum,North Key Largo,F,8.40,3.46,9.33,12.94,L,,03.23.2020,03.26.2020,AB,25.252842,-80.311826
253,C.corindum,North Key Largo,F,8.50,3.75,9.46,12.32,L,,03.23.2020,03.26.2020,AB,25.28636983,-80.29077075
254,C.corindum,North Key Largo,M,6.03,3.08,7.77,10.65,L,wings torn at end,03.23.2020,03.26.2020,AB,25.28636983,-80.29077075
255,C.corindum,North Key Largo,M,6.23,3.10,8.29,11.01,L,,03.23.2020,03.26.2020,AB,25.28636983,-80.29077075
256,C.corindum,North Key Largo,F,9.25,3.93,10.08,13.78,L,,03.23.2020,03.26.2020,AB,25.28636983,-80.29077075
257,C.corindum,North Key Largo,M,5.56,2.67,7.25,10.31,L,wings torn at end,03.23.2020,03.26.2020,AB,25.28636983,-80.29077075
258,C.corindum,North Key Largo,M,6.60,3.23,8.34,11.71,L,,03.23.2020,03.26.2020,AB,25.28636983,-80.29077075
259,C.corindum,North Key Largo,M,6.16,3.10,8.34,11.57,L,,03.23.2020,03.26.2020,AB,25.28636983,-80.29077075
261,C.corindum,North Key Largo,M,5.81,3.18,7.82,10.83,L,wings torn at end,03.23.2020,03.26.2020,AB,25.28636983,-80.29077075
262,C.corindum,North Key Largo,M,6.28,3.11,8.59,11.75,L,,03.23.2020,03.26.2020,AB,25.28636983,-80.29077075
263,C.corindum,North Key Largo,F,6.56,3.19,8.32,11.34,L,,03.23.2020,03.26.2020,AB,25.28636983,-80.29077075
264,C.corindum,North Key Largo,M,5.95,3.05,8.21,11.33,L,,03.23.2020,03.26.2020,AB,25.28636983,-80.29077075
265,C.corindum,North Key Largo,F,8.85,3.30,8.85,12.36,L,,03.23.2020,03.26.2020,AB,25.28636983,-80.29077075
269,C.corindum,North Key Largo,M,6.20,3.13,8.35,11.47,L,wings torn at end,03.23.2020,03.26.2020,AB,25.28636983,-80.29077075
270,C.corindum,North Key Largo,F,9.24,3.99,10.05,13.42,L,wings torn at end,03.23.2020,03.26.2020,AB,25.28636983,-80.29077075
271,C.corindum,North Key Largo,M,6.66,3.23,8.63,11.63,L,,03.23.2020,03.26.2020,AB,25.28636983,-80.29077075
275,C.corindum,North Key Largo,F,9.35,3.78,10.19,14.01,L,,03.23.2020,03.26.2020,AB,25.28636983,-80.29077075
276,C.corindum,North Key Largo,M,6.44,3.29,8.69,11.64,L,wings torn at end,03.23.2020,03.26.2020,AB,25.28636983,-80.29077075
278,C.corindum,North Key Largo,M,5.69,2.88,7.83,10.83,L,,03.23.2020,03.26.2020,AB,25.28636983,-80.29077075
279,C.corindum,North Key Largo,M,6.17,3.24,8.40,11.61,L,,03.23.2020,03.26.2020,AB,25.28636983,-80.29077075
280,C.corindum,North Key Largo,M,6.49,3.29,8.87,12.41,L,,03.24.2020,03.26.2020,AB,25.28636983,-80.29077075
282,C.corindum,North Key Largo,M,6.84,3.32,8.23,11.38,L,wings torn at end,03.24.2020,03.26.2020,AB,25.28636983,-80.29077075
283,C.corindum,North Key Largo,F,7.97,3.33,8.09,11.76,L,wings torn at end,03.24.2020,03.26.2020,AB,25.28636983,-80.29077075
284,C.corindum,North Key Largo,M,5.39,2.89,7.61,10.10,L,wings torn at end,03.24.2020,03.26.2020,AB,25.28636983,-80.29077075
285,C.corindum,North Key Largo,F,8.61,3.68,9.53,13.47,L,,03.24.2020,03.26.2020,AB,25.28636983,-80.29077075
286,C.corindum,North Key Largo,M,5.73,2.85,7.25,10.10,L,,03.24.2020,03.26.2020,AB,25.28636983,-80.29077075
287,C.corindum,North Key Largo,M,5.68,2.81,6.28,8.88,LS,,03.24.2020,03.26.2020,AB,25.28636983,-80.29077075
290,C.corindum,Lake Placid,M,5.42,2.89,8.59,11.97,L,wings torn at end,03.24.2020,03.26.2020,AB,25.28636983,-80.29077075
288,C.corindum,North Key Largo,M,5.94,3.07,7.99,10.94,L,,03.24.2020,03.26.2020,AB,25.28636983,-80.29077075
295,K.elegans,Lake Placid,M,5.30,3.16,8.59,11.62,L,,03.24.2020,03.26.2020,AB,27.29866003,-81.36611608
296,K.elegans,Lake Placid,F,7.58,3.10,8.07,11.40,L,,03.24.2020,03.26.2020,AB,27.29866003,-81.36611608
298,K.elegans,Lake Placid,F,7.75,3.60,9.68,13.39,L,,03.24.2020,03.26.2020,AB,27.29866003,-81.36611608
300,K.elegans,Lake Placid,M,5.92,3.21,8.33,11.33,L,wings torn at end,03.24.2020,03.26.2020,AB,27.29866003,-81.36611608
302,K.elegans,Lake Placid,F,6.97,3.64,10.09,13.49,L,,03.24.2020,03.26.2020,AB,27.29866003,-81.36611608
303,K.elegans,Lake Placid,F,7.64,3.51,9.50,13.20,L,,03.24.2020,03.26.2020,AB,27.29866003,-81.36611608
306,K.elegans,Lake Placid,F,8.79,3.96,10.25,14.29,L,,03.24.2020,03.26.2020,AB,27.29866003,-81.36611608
308,K.elegans,Lake Placid,M,5.83,3.22,8.29,11.55,L,,03.24.2020,03.26.2020,AB,27.29866003,-81.36611608
310,K.elegans,Lake Placid,F,7.99,3.65,10.04,13.85,L,,03.24.2020,03.26.2020,AB,27.29866003,-81.36611608
311,K.elegans,Lake Placid,M,5.59,3.37,8.71,11.86,L,wings torn at end,03.24.2020,03.26.2020,AB,27.29866003,-81.36611608
312,K.elegans,Lake Placid,M,5.58,3.23,8.46,11.53,L,wings torn at end,03.24.2020,03.26.2020,AB,27.29866003,-81.36611608
313,K.elegans,Lake Placid,F,7.64,3.51,9.40,12.83,L,,03.24.2020,03.26.2020,AB,27.29866003,-81.36611608
314,K.elegans,Lake Placid,F,7.04,3.56,9.86,12.73,L,,03.24.2020,03.26.2020,AB,27.29866003,-81.36611608
315,K.elegans,Lake Placid,F,7.35,3.29,8.79,12.27,L,,03.24.2020,03.26.2020,AB,27.29866003,-81.36611608
318,K.elegans,Lake Placid,M,5.41,2.90,8.04,10.86,L,,03.24.2020,03.26.2020,AB,27.29866003,-81.36611608
319,K.elegans,Lake Placid,F,8.51,3.85,10.32,14.10,L,,03.24.2020,03.26.2020,AB,27.29866003,-81.36611608
320,K.elegans,Lake Placid,F,7.72,3.54,9.30,12.79,L,,03.24.2020,03.26.2020,AB,27.29866003,-81.36611608
321,K.elegans,Lake Placid,M,5.69,3.33,9.49,12.73,L,,03.24.2020,03.26.2020,AB,27.29866003,-81.36611608
323,K.elegans,Lake Placid,M,5.74,2.99,8.38,11.33,L,,03.24.2020,03.26.2020,AB,27.29866003,-81.36611608
325,K.elegans,Lake Placid,F,7.97,3.86,9.85,13.47,L,,03.24.2020,03.26.2020,AB,27.29866003,-81.36611608
326,K.elegans,Lake Placid,M,5.73,3.27,9.02,12.22,L,,03.24.2020,03.26.2020,AB,27.29866003,-81.36611608
327,K.elegans,Lake Placid,M,5.46,3.04,8.09,11.18,L,,03.24.2020,03.26.2020,AB,27.29866003,-81.36611608
328,K.elegans,Lake Placid,F,7.86,3.28,8.98,12.41,L,,03.24.2020,03.26.2020,AB,27.29866003,-81.36611608
329,K.elegans,Lake Placid,M,5.87,3.23,8.59,11.76,L,,03.24.2020,03.26.2020,AB,27.29866003,-81.36611608
330,K.elegans,Lake Placid,M,5.81,3.18,8.57,11.66,L,wings torn at end,03.24.2020,03.26.2020,AB,27.29866003,-81.36611608
331,K.elegans,Lake Placid,F,8.19,3.58,9.47,13.32,L,,03.24.2020,03.26.2020,AB,27.29866003,-81.36611608
332,K.elegans,Lake Placid,M,5.78,3.19,8.86,11.93,L,,03.24.2020,03.26.2020,AB,27.29866003,-81.36611608
333,K.elegans,Lake Placid,F,7.57,3.61,9.94,13.58,L,wings torn at end,03.24.2020,03.26.2020,AB,27.29866003,-81.36611608
334,K.elegans,Lake Placid,M,5.55,2.98,8.23,11.32,L,,03.24.2020,03.26.2020,AB,27.29866003,-81.36611608
335,K.elegans,Lake Placid,F,7.79,3.72,9.73,13.44,L,,03.24.2020,03.26.2020,AB,27.29866003,-81.36611608
336,K.elegans,Lake Placid,F,7.70,3.27,9.00,12.50,L,,03.24.2020,03.26.2020,AB,27.29866003,-81.36611608
337,K.elegans,Lake Placid,M,5.92,3.34,8.90,11.94,L,,03.24.2020,03.26.2020,AB,27.29866003,-81.36611608
339,K.elegans,Lake Placid,M,6.08,3.41,8.60,11.88,L,,03.24.2020,03.26.2020,AB,27.29866003,-81.36611608
340,K.elegans,Lake Placid,F,7.43,3.51,9.38,12.71,L,,03.24.2020,03.26.2020,AB,27.29866003,-81.36611608
342,K.elegans,Lake Placid,F,7.97,3.47,9.65,13.23,L,,03.24.2020,03.26.2020,AB,27.29866003,-81.36611608
343,K.elegans,Lake Placid,M,5.70,2.71,7.56,10.58,L,,03.24.2020,03.26.2020,AB,27.29866003,-81.36611608
346,K.elegans,Lake Placid,M,5.45,2.74,7.52,10.31,L,,03.24.2020,03.26.2020,AB,27.29866003,-81.36611608
348,K.elegans,Lake Placid,M,5.66,3.08,7.97,10.97,L,,03.24.2020,03.26.2020,AB,27.29866003,-81.36611608
349,K.elegans,Lake Placid,M,6.15,3.27,8.47,11.54,L,,03.24.2020,03.26.2020,AB,27.29866003,-81.36611608
351,K.elegans,Lake Placid,M,6.20,3.12,8.73,11.82,L,,03.24.2020,03.26.2020,AB,27.29866003,-81.36611608
353,K.elegans,Lake Placid,M,5.62,3.07,8.09,11.08,L,,03.24.2020,03.26.2020,AB,27.29866003,-81.36611608
354,K.elegans,Lake Placid,F,7.46,3.13,8.26,11.36,L,wings torn at end,03.24.2020,03.26.2020,AB,27.29866003,-81.36611608
372,K.elegans,Leesburg,F,6.83,3.44,8.54,12.25,L,wings torn at end,03.24.2020,03.26.2020,AB,28.81298,-81.877895
373,K.elegans,Leesburg,M,5.65,2.95,6.44,9.45,LS,wings torn at end,03.24.2020,03.26.2020,AB,28.81298,-81.877895
375,K.elegans,Leesburg,F,8.27,3.71,10.48,14.35,L,,03.24.2020,03.26.2020,AB,28.81298,-81.877895
376,K.elegans,Leesburg,F,8.13,3.71,9.98,13.78,L,,03.24.2020,03.26.2020,AB,28.81298,-81.877895
381,K.elegans,Leesburg,F,8.12,3.79,9.92,13.78,L,wings torn at end,03.24.2020,03.26.2020,AB,28.81298,-81.877895
380,K.elegans,Leesburg,F,8.15,3.47,9.36,13.06,L,,03.24.2020,03.26.2020,AB,28.81298,-81.877895
383,K.elegans,Leesburg,M,5.29,2.55,4.39,7.34,S,,03.24.2020,03.26.2020,AB,28.81298,-81.877895
384,K.elegans,Leesburg,M,5.22,2.80,7.42,10.60,L,,03.24.2020,03.26.2020,AB,28.81298,-81.877895
386,K.elegans,Leesburg,M,5.61,2.81,6.07,9.31,L,wings torn at end,03.24.2020,03.26.2020,AB,28.81298,-81.877895
387,K.elegans,Leesburg,F,7.49,3.25,8.54,11.88,L,,03.24.2020,03.26.2020,AB,28.81298,-81.877895
390,K.elegans,Leesburg,M,5.65,3.06,8.46,11.52,L,,03.24.2020,03.26.2020,AB,28.81298,-81.877895
391,K.elegans,Leesburg,M,5.67,2.94,7.15,10.36,L,,03.24.2020,03.26.2020,AB,28.81298,-81.877895
392,K.elegans,Leesburg,F,8.21,3.90,10.35,13.85,L,,03.24.2020,03.26.2020,AB,28.81298,-81.877895
397,K.elegans,Gainesville,F,7.81,3.58,9.57,13.13,L,,03.24.2020,03.26.2020,AB,29.661821,-82.347211
399,K.elegans,Gainesville,M,6.54,3.36,8.93,12.33,L,,03.24.2020,03.26.2020,AB,29.661821,-82.347211
402,K.elegans,Gainesville,M,5.64,3.20,8.34,11.50,L,,03.24.2020,03.26.2020,AB,29.661821,-82.347211
404,K.elegans,Gainesville,F,7.86,3.59,9.82,13.37,L,,03.24.2020,03.26.2020,AB,29.661821,-82.347211
405,K.elegans,Gainesville,F,8.57,3.90,11.30,14.72,L,,03.24.2020,03.26.2020,AB,29.661821,-82.347211
406,K.elegans,Gainesville,M,5.60,2.74,7.07,10.00,L,wings torn at end,03.24.2020,03.26.2020,AB,29.661821,-82.347211
407,K.elegans,Gainesville,M,5.98,3.08,8.61,11.28,L,wings torn at end,03.24.2020,03.26.2020,AB,29.661821,-82.347211
408,K.elegans,Gainesville,M,6.16,3.30,8.42,11.70,L,wings torn at end,03.24.2020,03.26.2020,AB,29.661821,-82.347211
409,K.elegans,Gainesville,M,5.72,3.18,8.53,11.55,L,,03.24.2020,03.26.2020,AB,29.661821,-82.347211
410,K.elegans,Gainesville,F,7.96,3.51,9.45,13.02,L,wings torn at end,03.24.2020,03.26.2020,AB,29.661821,-82.347211
413,K.elegans,Gainesville,F,6.78,3.25,9.03,11.85,L,,03.24.2020,03.26.2020,AB,29.661821,-82.347211
416,K.elegans,Gainesville,F,7.86,3.63,9.89,13.68,L,wings torn at end,03.24.2020,03.26.2020,AB,29.661821,-82.347211
417,K.elegans,Gainesville,M,5.86,3.09,4.89,8.09,S,,03.24.2020,03.26.2020,AB,29.661821,-82.347211
420,K.elegans,Gainesville,M,5.90,2.87,5.20,8.18,S,,03.24.2020,03.26.2020,AB,29.661821,-82.347211
421,K.elegans,Gainesville,M,5.79,3.37,9.34,12.55,L,,03.24.2020,03.26.2020,AB,29.661821,-82.347211
424,K.elegans,Gainesville,M,5.60,3.41,9.25,12.19,L,,03.24.2020,03.26.2020,AB,29.661821,-82.347211
299,K.elegans,Lake Placid,M,5.61,3.02,8.38,11.54,L,,03.24.2020,03.26.2020,AB,27.29866003,-81.36611608