filename,channel_num,channel_letter,chamber,ID,set_number,average_speed,total_flight_time,distance,shortest_flying_bout,longest_flying_bout,portion_flying,total_duration,max_speed
set001-11am-10-15-19-A1.txt,1,A,A-1,329,1,0.2864744921201800,757.6,204.19749999999900,0,757.6,0.8417777777777780,900.0,0.3926874999999980
set001-11am-10-15-19-A2.txt,2,A,A-2,372,1,0,0,0,0,0,0,900.0,0
set001-11am-10-15-19-A3.txt,3,A,A-3,37,1,0,0,0,0,0,0,900.0,0
set001-11am-10-15-19-A4.txt,4,A,A-4,303,1,0,0,0.6283,0,0,0,900.0,0
set001-11am-10-15-19-B1.txt,1,B,B-1,259,1,0,0,0,0,0,0,900.0,0
set001-11am-10-15-19-B2.txt,2,B,B-2,89,1,0.31019544834470100,894.4,275.1954000000000,0,894.4,0.9937777777777780,900.0,0.3926875000000010
set001-11am-10-15-19-B3.txt,3,B,B-3,354,1,0,0,0,0,0,0,900.0,0
set001-11am-10-15-19-B4.txt,4,B,B-4,158,1,0,0,0,0,0,0,900.0,0
set003-10-15-19-A1.txt,1,A,A-1,30,3,0,0,0,0,0,0,1449.4,0
set003-10-15-19-A2.txt,2,A,A-2,141,3,0,0,0,0,0,0,1449.4,0
set003-10-15-19-A3.txt,3,A,A-3,313,3,0.21452372685185000,0,1.8849,0,0,0,1449.4,0.19634375000000100
set003-10-15-19-A4.txt,4,A,A-4,82,3,0,0,0,0,0,0,1449.4,0
set003-10-15-19-B1.txt,1,B,B-1,402,3,0,0,0,0,0,0,1504.3,0
set003-10-15-19-B2.txt,2,B,B-2,86,3,0,0,0,0,0,0,1504.3,0
set003-10-15-19-B3.txt,3,B,B-3,58,3,0,0,0.6283,0,0,0,1504.3,0
set003-10-15-19-B4.txt,4,B,B-4,132,3,0.23074673304831800,581.2000000000000,93.61669999999990,82.0,97.5,0.38635910390214700,1504.3,1.0471666666668300
set004-10-15-19-A1.txt,1,A,A-1,262,4,0.3190967890483380,1326.7,16.335800000000000,70.60000000000000,1205.5,0.7370555555555560,1800.0,0.7853749999999890
set004-10-15-19-A2.txt,2,A,A-2,105,4,0,0,0,0,0,0,1800.0,0
set004-10-15-19-A3.txt,3,A,A-3,237,4,0,0,0,0,0,0,1800.0,0
set004-10-15-19-A4.txt,4,A,A-4,328,4,0.1752532679603430,1192.6,28.901800000000000,64.80000000000000,936.5000000000000,0.6625555555555560,1800.0,0.28559090909090900
set005-10-16-19-A1.txt,1,A,A-1,99,5,0.41690866763583200,548.8,219.90499999999900,0,548.8,0.3048888888888890,1800.0,0.5235833333334130
set005-10-16-19-A2.txt,2,A,A-2,346,5,0.16833645735438900,1525.0000000000000,6.911300000000000,0,1498.6000000000000,0.8472222222222220,1800.0,0.25132
set005-10-16-19-A3.txt,3,A,A-3,201,5,0.39268750000000000,0,3.1415000000000000,0,0,0,1800.0,0.6283
set005-10-16-19-A4.txt,4,A,A-4,238,5,0.1258359943977590,577.6000000000000,4.3981000000000000,0,571.6000000000000,0.32088888888888900,1800.0,0.14959523809523600
set005-10-16-19-B1.txt,1,B,B-1,296,5,0.18559283138715600,1645.5000000000000,4.3981000000000000,0,1640.8000000000000,0.9141666666666670,1800.0,0.19039393939393900
set005-10-16-19-B2.txt,2,B,B-2,255,5,0,0,0.6283,0,0,0,1800.0,0
set005-10-16-19-B3.txt,3,B,B-3,110,5,0,0,0,0,0,0,1800.0,0
set005-10-16-19-B4.txt,4,B,B-4,383,5,0,0,0,0,0,0,1800.0,0
set006-10-16-19-A1.txt,1,A,A-1,312,6,0.21208691836730800,546.8000000000000,30.158400000000000,0,370.4,0.3037777777777780,1800.0,0.8975714285714270
set006-10-16-19-A2.txt,2,A,A-2,261,6,0.3383139294040070,1763.7,584.319000000005,0,1763.7,0.9798333333333330,1800.0,0.4833076923076990
set006-10-16-19-A3.txt,3,A,A-3,405,6,0,0,0,0,0,0,1800.0,0
set006-10-16-19-A4.txt,4,A,A-4,113,6,0.2492389696374160,1737.1,427.8723000000060,0,1737.1,0.9650555555555560,1800.0,0.34905555555556400
set006-10-16-19-B1.txt,1,B,B-1,47,6,0,0,0,0,0,0,1800.0,0
set006-10-16-19-B2.txt,2,B,B-2,254,6,0,0,0,0,0,0,1800.0,0
set006-10-16-19-B3.txt,3,B,B-3,257,6,0.18240078130961200,1336.8,5.6547,283.1,615.5,0.7426666666666670,1800.0,0.23270370370370500
set006-10-16-19-B4.txt,4,B,B-4,15,6,0.2166551724137930,0,1.8849,0,0,0,1800.0,0
set007-10-16-19-A1.txt,1,A,A-1,253,7,0.18587956732766100,1586.0,14.450900000000000,0,1449.9,0.8811111111111110,1800.0,0.39268750000000100
set007-10-16-19-A2.txt,2,A,A-2,373,7,0,0,0,0,0,0,1800.0,0
set007-10-16-19-A3.txt,3,A,A-3,31,7,0,0,0,0,0,0,1800.0,0
set007-10-16-19-A4.txt,4,A,A-4,223,7,0.2180579533001610,1792.3000000000000,376.98000000000400,0,1792.3000000000000,0.9957222222222220,1800.0,0.3926874999999670
set008-10-16-19-A1.txt,1,A,A-1,139,8,0.2451188567003930,192.40000000000000,8.7962,131.30000000000000,131.30000000000000,0.10688888888888900,1800.0,0.4487857142856850
set008-10-16-19-A2.txt,2,A,A-2,53,8,0,0,0,0,0,0,1800.0,0
set008-10-16-19-A3.txt,3,A,A-3,407,8,0,0,0,0,0,0,1800.0,0
set008-10-16-19-A4.txt,4,A,A-4,326,8,0.160617451626799,73.50000000000000,12.566000000000000,0,34.200000000000000,0.04083333333333340,1800.0,0.23270370370370300
set008-10-16-19-B1.txt,1,B,B-1,191,8,0,0,0,0,0,0,1800.0,0
set008-10-16-19-B2.txt,2,B,B-2,310,8,0.30127669055695400,977.8,7.539600000000000,0,971.5,0.5432222222222220,1800.0,0.6283
set008-10-16-19-B3.txt,3,B,B-3,299,8,0.21450968825968900,487.50000000000000,3.7698000000000000,0,483.90000000000000,0.2708333333333330,1800.0,0.29919047619047300
set009-10-17-19-A1.txt,1,A,A-1,334,9,0.1771367890746750,7.699999999999820,4.3981000000000000,0,4.2999999999999500,0.0042777777777776800,1800.0,0.22439285714284300
set009-10-17-19-A2.txt,2,A,A-2,198,9,0,0,0,0,0,0,1800.0,0
set009-10-17-19-A3.txt,3,A,A-3,295,9,0.4333699002832290,1714.4000000000000,732.5977999999970,0,1711.1,0.9524444444444440,1800.0,0.5711818181818360
set009-10-17-19-A4.txt,4,A,A-4,424,9,0,0,0,0,0,0,1800.0,0
set009-10-17-19-B1.txt,1,B,B-1,203,9,0,0,0,0,0,0,1800.0,0
set009-10-17-19-B2.txt,2,B,B-2,131,9,0,0,0.6283,0,0,0,1800.0,0
set009-10-17-19-B3.txt,3,B,B-3,98,9,0,0,0,0,0,0,1800.0,0
set009-10-17-19-B4.txt,4,B,B-4,300,9,0.4653802082732230,56.30000000000000,4.3981000000000000,0,48.70000000000000,0.031277777777777800,1800.0,0.897571428571516
set010-10-17-19-A1.txt,1,A,A-1,279,10,0.3655921000475240,1305.9,300.3274000000010,107.80000000000000,600.9,0.7255,1800.0,0.5235833333333330
set010-10-17-19-A2.txt,2,A,A-2,318,10,0.12905138213970900,326.60000000000000,33.92820000000000,110.90000000000000,155.20000000000000,0.18144444444444500,1800.0,0.23270370370371000
set010-10-17-19-A3.txt,3,A,A-3,17,10,0.28559090909090900,0,1.8849,0,0,0,1800.0,0
set010-10-17-19-A4.txt,4,A,A-4,285,10,0.5890312500000190,0,1.8849,0,0,0,1800.0,0.7853750000000450
set012-10-17-19-A1.txt,1,A,A-1,332,12,0.3325289011596210,1796.9000000000000,574.2662000000060,0,1796.9000000000000,0.9982777777777780,1800.0,0.5711818181818210
set012-10-17-19-A2.txt,2,A,A-2,149,12,0,0,0.6283,0,0,0,1800.0,0
set012-10-17-19-A3.txt,3,A,A-3,226,12,0.26007890959282300,540.6000000000000,6.911300000000000,0,532.3,0.3003333333333330,1800.0,0.34905555555555600
set012-10-17-19-A4.txt,4,A,A-4,287,12,0,0,0.6283,0,0,0,1800.0,0
set012-10-17-19-B1.txt,1,B,B-1,386,12,0,0,0,0,0,0,1800.0,0
set012-10-17-19-B2.txt,2,B,B-2,101,12,0.37660487428282400,1796.8,670.3961000000010,0,1796.8,0.9982222222222220,1800.0,0.483307692307692
set012-10-17-19-B3.txt,3,B,B-3,13,12,0,0,0,0,0,0,1800.0,0
set012-10-17-19-B4.txt,4,B,B-4,41,12,0,0,0,0,0,0,1800.0,0
set013-10-17-19-A1.txt,1,A,A-1,298,13,0,0,1.2566,0,0,0,1800.0,0
set013-10-17-19-A2.txt,2,A,A-2,64,13,0,0,0.6283,0,0,0,1800.0,0
set013-10-17-19-A3.txt,3,A,A-3,197,13,0,0,1.2566,0,0,0,1800.0,0
set013-10-17-19-A4.txt,4,A,A-4,258,13,0,0,0.6283,0,0,0,1800.0,0
set013-10-17-19-B1.txt,1,B,B-1,321,13,0,0,0,0,0,0,1800.0,0
set013-10-17-19-B2.txt,2,B,B-2,390,13,0,0,0,0,0,0,1800.0,0
set013-10-17-19-B3.txt,3,B,B-3,339,13,0.2631760334841730,1793.9000000000000,464.94200000000700,0,1793.9000000000000,0.996611111111111,1800.0,0.33068421052632000
set013-10-17-19-B4.txt,4,B,B-4,33,13,0,0,1.2566,0,0,0,1800.0,0
set014-10-17-19-A1.txt,1,A,A-1,21,14,0,0,0,0,0,0,1800.0,0
set014-10-17-19-A2.txt,2,A,A-2,264,14,0.19039393939393900,0,4.3981000000000000,0,0,0,1800.0,0
set014-10-17-19-A3.txt,3,A,A-3,269,14,0,0,0,0,0,0,1800.0,0
set014-10-17-19-A4.txt,4,A,A-4,155,14,0.1494339715346230,29.400000000000000,9.4245,0,13.100000000000000,0.016333333333333300,1800.0,0.21665517241379300
set014-10-17-19-B1.txt,1,B,B-1,381,14,0,0,0,0,0,0,1800.0,0
set014-10-17-19-B2.txt,2,B,B-2,387,14,0.22101169072138300,779.2000000000000,11.937700000000000,0,742.3,0.4328888888888890,1800.0,0.29919047619047600
set014-10-17-19-B3.txt,3,B,B-3,68,14,0.4132420937356420,224.8,89.21860000000000,224.8,224.8,0.1248888888888890,1800.0,1.2566
set014-10-17-19-B4.txt,4,B,B-4,116,14,0.29097255976338300,319.1,23.87540000000000,71.30000000000000,240.80000000000000,0.17727777777777800,1800.0,0.48330769230768800
set016-10-18-19-A1.txt,1,A,A-1,229,16,0,0,0,0,0,0,1800.0,0
set016-10-18-19-A2.txt,2,A,A-2,275,16,0,0,0,0,0,0,1800.0,0
set016-10-18-19-A3.txt,3,A,A-3,125,16,0.26543059292345400,526.4000000000000,81.67900000000000,67.40000000000000,232.30000000000000,0.2924444444444440,1800.0,0.3695882352941200
set016-10-18-19-A4.txt,4,A,A-4,120,16,0.37094516504252900,462.90000000000000,82.93560000000000,212.30000000000000,223.40000000000000,0.2571666666666670,1800.0,0.44878571428572200
set017-10-18-19-A1.txt,1,A,A-1,375,17,0,0,0.6283,0,0,0,1800.0,0
set017-10-18-19-A2.txt,2,A,A-2,331,17,0,0,0.6283,0,0,0,1800.0,0
set017-10-18-19-A3.txt,3,A,A-3,69,17,0,0,0,0,0,0,1800.0,0
set017-10-18-19-A4.txt,4,A,A-4,67,17,0.2812056783108850,24.70000000000000,5.6547,0,19.30000000000000,0.013722222222222200,1800.0,0.5711818181818060
set017-10-18-19-B1.txt,1,B,B-1,187,17,0,0,0,0,0,0,1800.0,0
set017-10-18-19-B2.txt,2,B,B-2,416,17,0.30609837217139300,421.10000000000000,13.194300000000000,0,363.3000000000000,0.2339444444444450,1800.0,0.4487857142856850
set017-10-18-19-B3.txt,3,B,B-3,95,17,0.4822180800754950,1796.7,853.231399999991,0,1796.7,0.9981666666666670,1800.0,0.6283
set017-10-18-19-B4.txt,4,B,B-4,102,17,0,0,0,0,0,0,1800.0,0
set018-10-18-19-A1.txt,1,A,A-1,34,18,0.20352455590386500,0,3.7698000000000000,0,0,0,1800.0,0.21665517241379500
set018-10-18-19-A2.txt,2,A,A-2,249,18,0.2552468750000000,0,1.8849,0,0,0,1800.0,0.19634375000000000
set018-10-18-19-A3.txt,3,A,A-3,126,18,0.4502338384409250,871.9000000000000,382.00640000000400,0,865.1000000000000,0.4843888888888890,1800.0,0.5711818181818360
set018-10-18-19-A4.txt,4,A,A-4,190,18,0,0,0,0,0,0,1800.0,0
set018-10-18-19-B1.txt,1,B,B-1,288,18,0.29501082151486300,942.1000000000000,13.194300000000000,155.1,783.1,0.5233888888888890,1800.0,0.5711818181817470
set018-10-18-19-B2.txt,2,B,B-2,290,18,0,0,0,0,0,0,1800.0,0
set018-10-18-19-B3.txt,3,B,B-3,39,18,0,0,0,0,0,0,1800.0,0
set018-10-18-19-B4.txt,4,B,B-4,78,18,0,0,0,0,0,0,1800.0,0
set019-10-18-19-A1.txt,1,A,A-1,221,19,0,0,0,0,0,0,1800.0,0
set019-10-18-19-A2.txt,2,A,A-2,81,19,0,0,0,0,0,0,1800.0,0
set019-10-18-19-A3.txt,3,A,A-3,302,19,0.44354049200112000,1796.3,787.8881999999940,0,1796.3,0.9979444444444440,1800.0,0.5711818181818360
set019-10-18-19-A4.txt,4,A,A-4,271,19,0.2148956433284380,13.300000000000000,2.5132,0,13.300000000000000,0.007388888888888860,1800.0,0.3926874999999670
set019-10-18-19-B1.txt,1,B,B-1,85,19,0,0,0,0,0,0,1800.0,0
set019-10-18-19-B2.txt,2,B,B-2,109,19,0.17765275576497400,1524.7,3.1415000000000000,0,1515.4,0.8470555555555560,1800.0,0.27317391304347800
set019-10-18-19-B3.txt,3,B,B-3,351,19,0.4574335442134520,1239.0,566.7266000000060,0,1236.1,0.6883333333333330,1800.0,0.5235833333334130
set019-10-18-19-B4.txt,4,B,B-4,235,19,0.19014134578043600,1671.2,305.3538000000010,0,1671.2,0.9284444444444450,1800.0,0.3306842105263150
set020-10-18-19-A1.txt,1,A,A-1,73,20,0,0,0,0,0,0,1800.0,0
set020-10-18-19-A2.txt,2,A,A-2,49,20,0.45014073537544800,1797.0,776.578799999995,0,1797.0,0.9983333333333330,1800.0,0.6283
set020-10-18-19-A3.txt,3,A,A-3,123,20,0,0,0,0,0,0,1800.0,0
set020-10-18-19-A4.txt,4,A,A-4,239,20,0,0,0,0,0,0,1800.0,0
set020-10-18-19-B1.txt,1,B,B-1,108,20,0,0,0.6283,0,0,0,1800.0,0
set020-10-18-19-B2.txt,2,B,B-2,276,20,0.44464894629986900,993.2,440.438300000006,0,993.2,0.5517777777777780,1800.0,0.5235833333334130
set020-10-18-19-B3.txt,3,B,B-3,92,20,0,0,0,0,0,0,1800.0,0
set020-10-18-19-B4.txt,4,B,B-4,103,20,0.18540172835926000,37.10000000000000,15.707500000000000,0,17.300000000000000,0.020611111111111100,1800.0,0.31415
set021-10-21-19-A1.txt,1,A,A-1,421,21,0,0,1.2566,0,0,0,1800.0,0
set021-10-21-19-A2.txt,2,A,A-2,129,21,0.28619062618955900,1794.0,493.21550000000800,0,1794.0,0.9966666666666670,1800.0,0.48330769230762500
set021-10-21-19-A3.txt,3,A,A-3,335,21,0,0,0,0,0,0,1800.0,0
set021-10-21-19-A4.txt,4,A,A-4,413,21,0,0,0,0,0,0,1800.0,0
set021-10-21-19-B1.txt,1,B,B-1,128,21,0,0,0,0,0,0,1800.0,0
set021-10-21-19-B2.txt,2,B,B-2,208,21,0,0,0,0,0,0,1800.0,0
set021-10-21-19-B3.txt,3,B,B-3,156,21,0,0,0,0,0,0,1800.0,0
set021-10-21-19-B4.txt,4,B,B-4,96,21,0.2828687018256300,1796.3000000000000,502.6400000000080,0,1796.3000000000000,0.9979444444444450,1800.0,0.39268750000000000
set022-10-21-19-A1.txt,1,A,A-1,136,22,0.178080824097754,1275.9,3.7698000000000000,0,1268.0,0.7088333333333330,1800.0,0.25132
set022-10-21-19-A2.txt,2,A,A-2,214,22,0,0,1.2566,0,0,0,1800.0,0
set022-10-21-19-A3.txt,3,A,A-3,152,22,0.2583289464823670,805.7,5.6547,0,801.6,0.4476111111111110,1800.0,0.33068421052632000
set022-10-21-19-A4.txt,4,A,A-4,330,22,0,0,0,0,0,0,1800.0,0
set022-10-21-19-B1.txt,1,B,B-1,134,22,0.16373797108797100,17.400000000000000,4.3981000000000000,0,9.200000000000050,0.009666666666666650,1800.0,0.20943333333333300
set022-10-21-19-B2.txt,2,B,B-2,272,22,0,0,0,0,0,0,1800.0,0
set022-10-21-19-B3.txt,3,B,B-3,204,22,0,0,0,0,0,0,1800.0,0
set022-10-21-19-B4.txt,4,B,B-4,391,22,0.14763350743745800,423.1000000000000,5.6547,0,412.5000000000000,0.23505555555555600,1800.0,0.18479411764706000
set023-10-21-19-A1.txt,1,A,A-1,48,23,0.1956418824003960,26.700000000000000,6.911300000000000,0,21.300000000000000,0.014833333333333400,1800.0,0.27317391304348400
set023-10-21-19-A2.txt,2,A,A-2,205,23,0.11750978037062500,0,2.5132,0,0,0,1800.0,0.1336808510638300
set023-10-21-19-A3.txt,3,A,A-3,348,23,0.23784434124769600,1707.0000000000000,379.49320000000400,87.59999999999990,1479.8,0.9483333333333330,1800.0,0.3695882352941200
set023-10-21-19-A4.txt,4,A,A-4,234,23,0,0,0,0,0,0,1800.0,0
set023-10-21-19-B1.txt,1,B,B-1,320,23,0,0,0,0,0,0,1800.0,0
set023-10-21-19-B2.txt,2,B,B-2,263,23,0,0,1.2566,0,0,0,1800.0,0
set023-10-21-19-B3.txt,3,B,B-3,376,23,0.4519991959512970,1797.8,807.3654999999930,0,1797.8,0.9987777777777780,1800.0,0.6283
set023-10-21-19-B4.txt,4,B,B-4,408,23,0.14556002546981300,731.3000000000000,4.3981000000000000,0,722.1,0.4062777777777780,1800.0,0.190393939393942
set024-10-21-19-A1.txt,1,A,A-1,54,24,0.21931635567721800,1496.4,5.0264,0,1483.0,0.8313333333333330,1800.0,0.31415
set024-10-21-19-A2.txt,2,A,A-2,76,24,0.1517575524833610,1119.4,3.1415000000000000,0,1113.3,0.6218888888888890,1800.0,0.1495952380952390
set024-10-21-19-A3.txt,3,A,A-3,189,24,0,0,0,0,0,0,1800.0,0
set024-10-21-19-A4.txt,4,A,A-4,270,24,0,0,0,0,0,0,1800.0,0
set025-10-21-19-A1.txt,1,A,A-1,286,25,0.219336459701246,1724.3000000000000,165.24289999999900,0,973.0000000000000,0.9579444444444450,1800.0,0.3306842105263400
set025-10-21-19-A2.txt,2,A,A-2,417,25,0.15482564252020600,715.9,5.6547,0,701.3,0.3977222222222220,1800.0,0.19039393939393900
set025-10-21-19-A3.txt,3,A,A-3,308,25,0.2319049432841140,728.0,10.681100000000000,0,689.8,0.40444444444444400,1800.0,0.4487857142857140
set025-10-21-19-A4.txt,4,A,A-4,154,25,0,0,0,0,0,0,1800.0,0
set026-10-21-19-A1.txt,1,A,A-1,111,26,0.18372520631763800,538.9000000000000,23.24710000000000,219.5,221.5,0.2993888888888890,1800.0,0.3306842105263160
set026-10-21-19-A2.txt,2,A,A-2,91,26,0.28554697746455600,1648.8,121.26190000000000,0,1231.4,0.9160000000000000,1800.0,0.3695882352941080
set026-10-21-19-A3.txt,3,A,A-3,404,26,0.2232387934561700,1087.1000000000000,9.4245,0,387.40000000000000,0.6039444444444450,1800.0,0.33068421052632000
set026-10-21-19-A4.txt,4,A,A-4,353,26,0,0,0,0,0,0,1800.0,0
set027-10-21-19-A1.txt,1,A,A-1,159,27,0.170732437597864,22.09999999999990,5.6547,0,22.09999999999990,0.012277777777777700,1800.0,0.190393939393942
set027-10-21-19-A2.txt,2,A,A-2,46,27,0.2564484076717210,374.90000000000000,3.7698000000000000,0,350.0,0.20827777777777800,1800.0,0.1653421052631570
set027-10-21-19-A3.txt,3,A,A-3,50,27,0.1879290178571430,0,5.0264,0,0,0,1800.0,0.1795142857142860
set027-10-21-19-A4.txt,4,A,A-4,84,27,0,0,0,0,0,0,1800.0,0
set027-10-21-19-B1.txt,1,B,B-1,12,27,0,0,0,0,0,0,1800.0,0
set027-10-21-19-B2.txt,2,B,B-2,213,27,0,0,0.6283,0,0,0,1800.0,0
set027-10-21-19-B3.txt,3,B,B-3,16,27,0,0,0,0,0,0,1800.0,0
set027-10-21-19-B4.txt,4,B,B-4,183,27,0.2253908845344550,842.1000000000000,38.32630000000000,78.10000000000000,376.5,0.46783333333333300,1800.0,0.6981111111110850
set028-10-21-19-A1.txt,1,A,A-1,18,28,0,0,0,0,0,0,1800.0,0
set028-10-21-19-A2.txt,2,A,A-2,59,28,0,0,0,0,0,0,1800.0,0
set028-10-21-19-A3.txt,3,A,A-3,337,28,0.10300000000000200,0,3.7698000000000000,0,0,0,1800.0,0
set028-10-21-19-A4.txt,4,A,A-4,319,28,0.45845536649146000,1796.3000000000000,821.8163999999930,0,1796.3000000000000,0.9979444444444450,1800.0,0.523583333333363
set028-10-21-19-B1.txt,1,B,B-1,311,28,0,0,1.2566,0,0,0,1800.0,0
set028-10-21-19-B2.txt,2,B,B-2,245,28,0.24387960526317000,0,2.5132,0,0,0,1800.0,0.157075
set028-10-21-19-B3.txt,3,B,B-3,252,28,0,0,0,0,0,0,1800.0,0
set028-10-21-19-B4.txt,4,B,B-4,284,28,0,0,0,0,0,0,1800.0,0
set029-10-21-19-A1.txt,1,A,A-1,323,29,0.3123923886489850,1797.3,549.7625000000070,0,1797.3,0.9985000000000000,1800.0,0.5235833333333330
set029-10-21-19-A2.txt,2,A,A-2,90,29,0.2798209096356210,279.90000000000000,6.283,132.0,143.1,0.15550000000000000,1800.0,0.5235833333333380
set029-10-21-19-A3.txt,3,A,A-3,340,29,0,0,0,0,0,0,1800.0,0
set029-10-21-19-A4.txt,4,A,A-4,65,29,0,0,0,0,0,0,1800.0,0
set029-10-21-19-B1.txt,1,B,B-1,336,29,0.20302291386977400,46.4,5.0264,0,32.8,0.025777777777777800,1800.0,0.24165384615384600
set029-10-21-19-B2.txt,2,B,B-2,343,29,0,0,0,0,0,0,1800.0,0
set029-10-21-19-B3.txt,3,B,B-3,409,29,0,0,0.6283,0,0,0,1800.0,0
set029-10-21-19-B4.txt,4,B,B-4,342,29,0,0,0,0,0,0,1800.0,0
set030-10-21-19-A1.txt,1,A,A-1,119,30,0.1571732332707940,0,1.8849,0,0,0,1800.0,0.15324390243902600
set030-10-21-19-A2.txt,2,A,A-2,2,30,0,0,0,0,0,0,1800.0,0
set030-10-21-19-A3.txt,3,A,A-3,380,30,0.34524319358948800,1791.7,615.1057000000030,0,1791.7,0.9953888888888890,1800.0,0.448785714285758
set031-10-23-19-A1.txt,1,A,A-1,245,31,0,0,0.6283,0,0,0,3600.0,0
set031-10-23-19-A2.txt,2,A,A-2,333,31,0,0,1.2566,0,0,0,3600.0,0
set031-10-23-19-A3.txt,3,A,A-3,329,31,0.2182607209853670,3355.9000000000000,631.4415000000030,156.90000000000000,1672.1,0.9321944444444450,3600.0,0.4833076923076920
set031-10-23-19-A4.txt,4,A,A-4,226,31,0.20870489720051300,17.400000000000100,9.4245,0,11.300000000000000,0.00483333333333337,3600.0,0.33068421052631700
set031-10-23-19-B1.txt,1,B,B-1,103,31,0.27514121140444300,3468.7000000000000,887.1595999999890,0,1948.6000000000000,0.9635277777777780,3600.0,0.5235833333333320
set031-10-23-19-B2.txt,2,B,B-2,96,31,0.2582898780911730,3481.6,853.231399999991,0,3481.6,0.967111111111111,3600.0,0.3926875000000220
set031-10-23-19-B3.txt,3,B,B-3,109,31,0.306317762968496,66.70000000000020,20.73390000000000,0,30.200000000000000,0.018527777777777800,3600.0,0.5235833333333130
set031-10-23-19-B4.txt,4,B,B-4,390,31,0,0,1.2566,0,0,0,3600.0,0
set032-10-23-19-A1.txt,1,A,A-1,421,32,0,0,0,0,0,0,3600.0,0
set032-10-23-19-A2.txt,2,A,A-2,65,32,0,0,1.2566,0,0,0,3600.0,0
set032-10-23-19-A3.txt,3,A,A-3,125,32,0.20677494449542300,2586.6,277.0803000000000,0,1409.4,0.7185,3600.0,0.3926875000000220
set032-10-23-19-A4.txt,4,A,A-4,197,32,0.24208691756272400,2174.3000000000000,2.5132,0,2171.2,0.6039722222222220,3600.0,0.31415000000000000
set032-10-23-19-B1.txt,1,B,B-1,402,32,0,0,0,0,0,0,3600.0,0
set032-10-23-19-B2.txt,2,B,B-2,74,32,0,0,0.6283,0,0,0,3600.0,0
set032-10-23-19-B3.txt,3,B,B-3,235,32,0.3290028000642690,3507.1,990.8290999999840,266.8000000000000,2450.5,0.9741944444444450,3600.0,0.5235833333333130
set032-10-23-19-B4.txt,4,B,B-4,351,32,0.3768528158877080,3561.3000000000000,1332.624300000020,0,3561.3000000000000,0.98925,3600.0,0.4833076923077090
set033-10-23-19-A1.txt,1,A,A-1,319,33,0.4097827988640310,3594.8,1446.9749000000400,0,3594.8,0.9985555555555560,3600.0,0.6283
set033-10-23-19-A2.txt,2,A,A-2,262,33,0.2903122084434890,2938.0,18.849000000000000,214.70000000000000,2635.9000000000000,0.8161111111111110,3600.0,0.6283
set033-10-23-19-A3.txt,3,A,A-3,136,33,0.332159042428266,1285.3000000000000,422.2176000000050,0,1285.3000000000000,0.35702777777777800,3600.0,0.6981111111110410
set033-10-23-19-A4.txt,4,A,A-4,296,33,0.21023205121019700,1569.1000000000000,16.335800000000000,0,815.1000000000000,0.43586111111111100,3600.0,0.39268750000000100
set033-10-23-19-B1.txt,1,B,B-1,375,33,0,0,0,0,0,0,3600.0,0
set033-10-23-19-B2.txt,2,B,B-2,254,33,0,0,1.2566,0,0,0,3600.0,0
set033-10-23-19-B4.txt,4,B,B-4,376,33,0.40157718624357700,3512.5000000000000,1362.1544000000300,0,2753.6000000000000,0.9756944444444450,3600.0,0.48330769230779400
set034-10-23-19-A1.txt,1,A,A-1,153,34,0,0,0,0,0,0,3600.0,0
set034-10-23-19-A2.txt,2,A,A-2,95,34,0.4843723487185850,2997.0,1424.3561000000300,0,2997.0,0.8325,3600.0,0.6283
set034-10-23-19-A3.txt,3,A,A-3,213,34,0,0,0,0,0,0,3600.0,0
set034-10-23-19-A4.txt,4,A,A-4,286,34,0.2610424381545000,3570.3000000000000,894.6991999999890,209.90000000000000,3360.4,0.9917500000000000,3600.0,0.31415
set034-10-23-19-B1.txt,1,B,B-1,300,34,0,0,0,0,0,0,3600.0,0
set034-10-23-19-B2.txt,2,B,B-2,280,34,0,0,0.6283,0,0,0,3600.0,0
set034-10-23-19-B3.txt,3,B,B-3,50,34,0.28971905572595500,1118.8,21.36220000000000,0,392.4000000000000,0.31077777777777800,3600.0,0.5235833333332140
set034-10-23-19-B4.txt,4,B,B-4,279,34,0.35890378132122700,3595.1,1270.422600000010,0,3595.1,0.9986388888888890,3600.0,0.48330769230768800
set035-10-23-19-B1.txt,1,B,B-1,58,35,0,0,0,0,0,0,3600.0,0
set035-10-23-19-B2.txt,2,B,B-2,91,35,0.27981650926518800,3595.5,989.572499999984,0,3595.5,0.99875,3600.0,0.41886666666666700
set035-10-23-19-B3.txt,3,B,B-3,276,35,0.4450314487596010,3574.6000000000000,1580.802800000050,0,3574.6000000000000,0.9929444444444450,3600.0,0.5711818181818360
set035-10-23-19-B4.txt,4,B,B-4,118,35,0.34592527500386700,407.3000000000000,3.1415000000000000,0,403.6000000000000,0.11313888888888900,3600.0,0.48330769230762500
set036-10-24-19-B1.txt,1,B,B-1,159,36,0,0,0,0,0,0,3600.0,0
set036-10-24-19-B2.txt,2,B,B-2,67,36,0.43207812105330700,1241.0,20.73390000000000,0,807.5,0.3447222222222220,3600.0,1.2566
set036-10-24-19-B3.txt,3,B,B-3,321,36,0,0,0,0,0,0,3600.0,0
set036-10-24-19-B4.txt,4,B,B-4,183,36,0.2758982513393720,3223.2,855.1162999999910,72.80000000000000,3046.7,0.8953333333333330,3600.0,0.4833076923076670
set037-10-24-19-A1.txt,1,A,A-1,49,37,0.4237762539458920,3597.4,1454.5145000000400,0,3597.4,0.9992777777777780,3600.0,0.6981111111111180
set037-10-24-19-A2.txt,2,A,A-2,323,37,0.31836988778669000,1369.1000000000000,332.99900000000200,234.80000000000000,825.4000000000000,0.38030555555555500,3600.0,0.44878571428583100
set037-10-24-19-A3.txt,3,A,A-3,107,37,0,0,0,0,0,0,3600.0,0
set037-10-24-19-A4.txt,4,A,A-4,320,37,0,0,0,0,0,0,3600.0,0
set037-10-24-19-B1.txt,1,B,B-1,380,37,0.26817551994620500,2999.3,746.4203999999970,0,2986.3,0.833138888888889,3600.0,0.41886666666666700
set037-10-24-19-B2.txt,2,B,B-2,208,37,0.5125474267718420,48.29999999999980,17.592400000000000,0,32.800000000000000,0.013416666666666600,3600.0,1.2566
set037-10-24-19-B3.txt,3,B,B-3,404,37,0.3769391148147850,2412.0,423.47420000000500,0,1274.8000000000000,0.67,3600.0,0.5235833333334130
set037-10-24-19-B4.txt,4,B,B-4,116,37,0.2985431190035950,3541.8,1019.1025999999800,0,3541.8,0.9838333333333330,3600.0,0.48330769230768800
set038-10-24-19-B1.txt,1,B,B-1,318,38,0.25132,0,3.1415000000000000,0,0,0,7200.0,0
set038-10-24-19-B2.txt,2,B,B-2,149,38,0.3515182596922490,2790.2,35.8131,0,1203.0,0.38752777777777800,7200.0,0.4833076923077090
set038-10-24-19-B3.txt,3,B,B-3,253,38,0.5711818181818650,0,1.8849,0,0,0,7200.0,0
set038-10-24-19-B4.txt,4,B,B-4,134,38,0.34762301757166700,2560.1000000000000,742.6505999999970,0,2187.5,0.3555694444444440,7200.0,0.44878571428583100
set039-10-24-19-A1.txt,1,A,A-1,203,39,0,0,0.6283,0,0,0,3600.0,0
set039-10-24-19-A2.txt,2,A,A-2,198,39,0.1336808510638290,0,3.1415000000000000,0,0,0,3600.0,0
set039-10-24-19-A3.txt,3,A,A-3,123,39,0.2171191685159590,23.400000000000000,6.911300000000000,0,20.7,0.006500000000000010,3600.0,0.28559090909090900
set039-10-24-19-A4.txt,4,A,A-4,282,39,0,0,0,0,0,0,3600.0,0
set039-10-24-19-B1.txt,1,B,B-1,66,39,0,0,0,0,0,0,3600.0,0
set039-10-24-19-B2.txt,2,B,B-2,343,39,0,0,0,0,0,0,3600.0,0
set039-10-24-19-B3.txt,3,B,B-3,68,39,0.22771122243789200,2051.4,187.86169999999900,0,792.9000000000000,0.5698333333333330,3600.0,0.4833076923077090
set039-10-24-19-B4.txt,4,B,B-4,69,39,0.3926875000000400,0,1.8849,0,0,0,3600.0,0.2617916666666670
set040-10-24-19-A1.txt,1,A,A-1,81,40,0.10994293974437200,0,1.8849,0,0,0,3600.0,0.11854716981132200
set040-10-24-19-A2.txt,2,A,A-2,263,40,0.2731739130434570,0,1.8849,0,0,0,3600.0,0
set040-10-24-19-A3.txt,3,A,A-3,229,40,0.33451157407406600,1662.0000000000000,4.3981000000000000,0,1238.4,0.4616666666666670,3600.0,0.3926875000000220
set040-10-24-19-A4.txt,4,A,A-4,92,40,0,0,0,0,0,0,3600.0,0
set041-10-25-19-A1.txt,1,A,A-1,48,41,0,0,0,0,0,0,3600.0,0
set041-10-25-19-A2.txt,2,A,A-2,330,41,0.5263360491335730,3598.0,1885.5283000000900,0,3598.0,0.9994444444444450,3600.0,0.6283
set041-10-25-19-A3.txt,3,A,A-3,129,41,0.30228778737244500,1493.1000000000000,95.50159999999990,0,433.5,0.41475000000000000,3600.0,0.44878571428583100
set041-10-25-19-A4.txt,4,A,A-4,99,41,0.31323007222457300,2704.8000000000000,10.0528,0,2692.7,0.7513333333333330,3600.0,0.3926875000000220
set041-10-25-19-B1.txt,1,B,B-1,223,41,0.20242151352231800,7.5,1.8849,0,7.5,0.0020833333333333300,3600.0,0.2617916666666570
set041-10-25-19-B2.txt,2,B,B-2,410,41,0,0,0,0,0,0,3600.0,0
set041-10-25-19-B3.txt,3,B,B-3,416,41,0.4829351315390770,3535.4000000000000,1639.8630000000600,0,3166.9000000000000,0.9820555555555560,3600.0,0.6981111111111290
set041-10-25-19-B4.txt,4,B,B-4,114,41,0,0,0,0,0,0,3600.0,0
set042-10-25-19-A1.txt,1,A,A-1,255,42,0,0,0,0,0,0,3599.1,0
set042-10-25-19-A2.txt,2,A,A-2,391,42,0,0,0.6283,0,0,0,3599.1,0
set042-10-25-19-A3.txt,3,A,A-3,342,42,0,0,0,0,0,0,3599.1,0
set042-10-25-19-A4.txt,4,A,A-4,84,42,0.31176632108782200,4.700000000000000,1.8849,0,4.700000000000000,0.0013058820260620700,3599.1,0.3695882352941180
set043-10-25-19-B1.txt,1,B,B-1,295,43,0.2055949432272850,3484.7000000000000,686.7319000000000,299.7000000000000,3141.4,0.9679722222222220,3600.0,0.330684210526316
set043-10-25-19-B2.txt,2,B,B-2,126,43,0.35498788391489800,3474.0000000000000,1198.7964000000000,0,3445.8000000000000,0.9650000000000000,3600.0,0.5235833333333380
set043-10-25-19-B3.txt,3,B,B-3,397,43,0,0,0,0,0,0,3600.0,0
set043-10-25-19-B4.txt,4,B,B-4,120,43,0.29422479291145100,1274.2000000000000,208.5955999999990,62.60000000000000,517.0,0.3539444444444440,3600.0,1.0471666666664300
set044-10-25-19-A1.txt,1,A,A-1,30,44,0,0,0,0,0,0,3600.0,0
set044-10-25-19-A2.txt,2,A,A-2,139,44,0,0,0.6283,0,0,0,3600.0,0
set044-10-25-19-A3.txt,3,A,A-3,237,44,0,0,0,0,0,0,3600.0,0
set044-10-25-19-A4.txt,4,A,A-4,113,44,0.3392403408707630,3544.4,1191.8851000000000,0,3544.4,0.9845555555555560,3600.0,0.44878571428572200
set044-10-25-19-B1.txt,1,B,B-1,384,44,0,0,0.6283,0,0,0,3600.0,0
set044-10-25-19-B2.txt,2,B,B-2,54,44,0.18908530955256500,20.3,3.7698000000000000,0,20.3,0.0056388888888888900,3600.0,0.3926875000000000
set044-10-25-19-B3.txt,3,B,B-3,259,44,0,0,0,0,0,0,3600.0,0
set044-10-25-19-B4.txt,4,B,B-4,135,44,0,0,0,0,0,0,3600.0,0
set046-10-28-19-A1.txt,1,A,A-1,275,46,0,0,0,0,0,0,3600.0,0
set046-10-28-19-A2.txt,2,A,A-2,204,46,0,0,0,0,0,0,3600.0,0
set046-10-28-19-A3.txt,3,A,A-3,101,46,0.24342522618000300,3596.1000000000000,839.4087999999920,0,3596.1000000000000,0.9989166666666670,3600.0,0.39268750000000100
set046-10-28-19-A4.txt,4,A,A-4,258,46,0,0,0,0,0,0,3600.0,0
set046-10-28-19-B1.txt,1,B,B-1,105,46,0,0,0,0,0,0,3599.3,0
set046-10-28-19-B2.txt,2,B,B-2,306,46,0,0,0,0,0,0,3599.3,0
set046-10-28-19-B3.txt,3,B,B-3,234,46,0,0,0,0,0,0,3599.3,0
set046-10-28-19-B4.txt,4,B,B-4,308,46,0.22206724200025900,953.0000000000000,47.12250000000010,64.70000000000030,300.0,0.2647737059983890,3599.3,0.5711818181818180
set047-10-28-19-A1.txt,1,A,A-1,261,47,0.4378974953485150,3598.3000000000000,1552.5293000000500,0,3598.3000000000000,0.9995277777777780,3600.0,0.5711818181818650
set047-10-28-19-A2.txt,2,A,A-2,154,47,0,0,0.6283,0,0,0,3600.0,0
set047-10-28-19-A3.txt,3,A,A-3,15,47,0,0,0,0,0,0,3600.0,0
set047-10-28-19-A4.txt,4,A,A-4,399,47,0,0,0,0,0,0,3600.0,0
set047-10-28-19-B1.txt,1,B,B-1,315,47,0,0,0,0,0,0,3599.6,0
set047-10-28-19-B2.txt,2,B,B-2,337,47,0,0,0,0,0,0,3599.6,0
set047-10-28-19-B3.txt,3,B,B-3,102,47,0,0,0,0,0,0,3599.6,0
set047-10-28-19-B4.txt,4,B,B-4,288,47,0.24610533938194100,3594.7,862.0275999999910,0,3594.7,0.9986387376375150,3599.6,0.3695882352941200
set048-10-28-19-B1.txt,1,B,B-1,128,48,0,0,0.6283,0,0,0,3600.0,0
set048-10-28-19-B2.txt,2,B,B-2,73,48,0,0,0.6283,0,0,0,3600.0,0
set048-10-28-19-B3.txt,3,B,B-3,119,48,0,0,0,0,0,0,3600.0,0
set048-10-28-19-B4.txt,4,B,B-4,312,48,0.25893044964991500,1190.1000000000000,18.849000000000000,0,1160.5,0.3305833333333330,3600.0,0.3695882352941180
set049-10-28-19-A1.txt,1,A,A-1,278,49,0,0,0,0,0,0,3600.0,0
set049-10-28-19-A2.txt,2,A,A-2,264,49,0,0,0,0,0,0,3600.0,0
set049-10-28-19-A3.txt,3,A,A-3,124,49,0.3272395833333370,517.0000000000000,4.3981000000000000,0,515.2,0.14361111111111100,3600.0,0.34905555555556400
set049-10-28-19-A4.txt,4,A,A-4,349,49,0.2494496328438770,141.6,35.8131,0,39.1,0.03933333333333330,3600.0,0.6283
set049-10-28-19-B1.txt,1,B,B-1,313,49,0.21908243282284800,2474.5,506.40980000000900,0,2461.0,0.6873611111111110,3600.0,0.6981111111111110
set049-10-28-19-B2.txt,2,B,B-2,408,49,0,0,0,0,0,0,3600.0,0
set049-10-28-19-B3.txt,3,B,B-3,249,49,0,0,0,0,0,0,3600.0,0
set049-10-28-19-B4.txt,4,B,B-4,132,49,0,0,0.6283,0,0,0,3600.0,0
set050-10-28-19-A1.txt,1,A,A-1,12,50,0,0,0.6283,0,0,0,3600.0,0
set050-10-28-19-A2.txt,2,A,A-2,303,50,0,0,0,0,0,0,3600.0,0
set050-10-28-19-A3.txt,3,A,A-3,205,50,0,0,0,0,0,0,3600.0,0
set050-10-28-19-A4.txt,4,A,A-4,332,50,0.46923097786154000,3562.8,1634.208300000060,0,3509.7000000000000,0.9896666666666670,3600.0,0.6283000000000360
set051-10-29-19-A1.txt,1,A,A-1,339,51,0.37583155062248000,2704.8000000000000,997.7403999999840,0,2692.1,0.7513333333333330,3600.0,1.2566
set051-10-29-19-A2.txt,2,A,A-2,89,51,0.3307819475806220,3597.1,1174.2927000000000,0,3597.1,0.9991944444444440,3600.0,0.48330769230769200
set051-10-29-19-A3.txt,3,A,A-3,328,51,0.30105137099818400,3284.2,980.7762999999840,0,3284.2,0.9122777777777780,3600.0,0.448785714285717
set051-10-29-19-A4.txt,4,A,A-4,34,51,0.7330166666666670,0,8.167900000000000,0,0,0,3600.0,0.20943333333333300
set051-10-29-19-B1.txt,1,B,B-1,257,51,0.24867259479420200,2075.1,27.645200000000000,0,1044.1,0.5764166666666670,3600.0,0.4487857142856850
set051-10-29-19-B2.txt,2,B,B-2,381,51,0,0,0,0,0,0,3600.0,0
set051-10-29-19-B3.txt,3,B,B-3,111,51,0.35890596883295400,3502.7,1217.6454000000100,0,3502.7,0.9729722222222220,3600.0,0.5235833333333380
set052-10-29-19-A1.txt,1,A,A-1,299,52,0.2781106190405540,2897.2,544.736100000007,0,1588.9,0.8047777777777780,3600.0,0.6981111111110410
set052-10-29-19-A2.txt,2,A,A-2,311,52,0.4001232522842450,1622.5000000000000,33.29990000000000,0,968.9000000000000,0.45069444444444500,3600.0,0.7853749999998210
set052-10-29-19-A3.txt,3,A,A-3,387,52,0.33398188489973200,3135.4000000000000,535.9399000000080,0,1593.2000000000000,0.8709444444444440,3600.0,0.48330769230779400
set052-10-29-19-A4.txt,4,A,A-4,392,52,0.27001260572454700,129.9000000000000,23.24710000000000,66.70000000000010,66.70000000000010,0.036083333333333400,3600.0,0.6283
set053-10-30-19-A1.txt,1,A,A-1,308,53,0.18094823863987300,2637.4000000000000,20.73390000000000,76.70000000000030,958.7000000000000,0.4884074074074080,5400.0,0.2855909090909330
set053-10-30-19-A2.txt,2,A,A-2,205,53,0,0,0,0,0,0,5400.0,0
set053-10-30-19-A3.txt,3,A,A-3,323,53,0.30079286987091600,1696.0000000000000,1078.1627999999900,61.59999999999990,969.6000000000000,0.3140740740740740,5400.0,0.5235833333334130
set053-10-30-19-A4.txt,4,A,A-4,223,53,0,0,0,0,0,0,5400.0,0
set053-10-30-19-B1.txt,1,B,B-1,376,53,0.30536079452669600,4107.6,1225.8133000000100,0,2895.5,0.7606666666666670,5400.0,0.44878571428572200
set053-10-30-19-B2.txt,2,B,B-2,298,53,0,0,0,0,0,0,5400.0,0
set053-10-30-19-B3.txt,3,B,B-3,95,53,0.41152245618283700,1527.3,55.918700000000100,89.4,702.0,0.2828333333333330,5400.0,0.6283
set053-10-30-19-B4.txt,4,B,B-4,325,53,0,0,0,0,0,0,5400.0,0
set054-10-30-19-B1.txt,1,B,B-1,67,54,0.2873135585745940,19.199999999999900,5.0264,0,19.199999999999900,0.0035555555555555400,5400.0,0.6283
set054-10-30-19-B2.txt,2,B,B-2,84,54,0.29322068235810400,209.9999999999990,59.06020000000010,0,42.599999999999500,0.03888888888888870,5400.0,0.4487857142857140
set054-10-30-19-B3.txt,3,B,B-3,416,54,0.2619267905705680,2074.2000000000000,7.539600000000000,0,1438.4000000000000,0.384111111111111,5400.0,0.44878571428583100
set054-10-30-19-B4.txt,4,B,B-4,351,54,0.3768006408715320,5178.7,1928.881000000100,0,5178.7,0.9590185185185190,5400.0,0.4833076923077090
set055-10-30-19-A1.txt,1,A,A-1,234,55,0,0,0,0,0,0,5398.6,0
set055-10-30-19-A2.txt,2,A,A-2,136,55,0,0,0,0,0,0,5398.6,0
set055-10-30-19-A3.txt,3,A,A-3,152,55,0.3603868443681970,5393.5,1912.5452000001000,0,5393.5,0.9990553106360910,5398.6,0.523583333333363
set055-10-30-19-A4.txt,4,A,A-4,159,55,0,0,0,0,0,0,5398.6,0
set055-10-30-19-B1.txt,1,B,B-1,118,55,0.3056825259461770,9.0,2.5132,0,9.0,0.0016666666666666700,5400.0,0.6981111111106880
set055-10-30-19-B2.txt,2,B,B-2,90,55,0,0,0,0,0,0,5400.0,0
set055-10-30-19-B3.txt,3,B,B-3,336,55,0.3866364726195740,5362.3,2040.0901000001100,0,5336.900000000000,0.9930185185185190,5400.0,0.523583333333363
set055-10-30-19-B4.txt,4,B,B-4,333,55,0,0,0.6283,0,0,0,5400.0,0
set056-10-30-19-A1.txt,1,A,A-1,312,56,0.4756401120893600,855.1000000000000,11.309400000000000,0,840.4000000000000,0.1583518518518520,5400.0,0.8975714285716620
set056-10-30-19-A2.txt,2,A,A-2,332,56,0.4849622334855890,5397.400000000000,2592.9940999999900,0,5397.400000000000,0.9995185185185190,5400.0,0.6283
set056-10-30-19-A3.txt,3,A,A-3,318,56,0,0,0.6283,0,0,0,5400.0,0
set056-10-30-19-A4.txt,4,A,A-4,123,56,0.2785976680817960,4668.9,8.7962,0,4615.3,0.864611111111111,5400.0,0.3695882352941570
set056-10-30-19-B1.txt,1,B,B-1,92,56,0,0,0,0,0,0,5330.2,0
set056-10-30-19-B2.txt,2,B,B-2,103,56,0.3760791669991620,2349.8,835.6389999999920,70.19999999999980,1980.2000000000000,0.4408464973171740,5330.2,0.5235833333334130
set056-10-30-19-B3.txt,3,B,B-3,31,56,0,0,0,0,0,0,5330.2,0
set056-10-30-19-B4.txt,4,B,B-4,300,56,0,0,0.6283,0,0,0,5330.2,0
set057-10-31-19-B1.txt,1,B,B-1,258,57,0,0,1.2566,0,0,0,5400.0,0
set057-10-31-19-B2.txt,2,B,B-2,102,57,0,0,0,0,0,0,5400.0,0
set057-10-31-19-B3.txt,3,B,B-3,197,57,0.26421995223592800,61.09999999999960,17.592400000000000,0,26.699999999999800,0.011314814814814700,5400.0,1.2566
set057-10-31-19-B4.txt,4,B,B-4,105,57,0,0,0,0,0,0,5400.0,0
set058-10-31-19-A1.txt,1,A,A-1,238,58,0,0,0,0,0,0,5400.0,0
set058-10-31-19-A2.txt,2,A,A-2,387,58,0.3739366858464290,4371.3,1614.7310000000600,0,4371.3,0.8095,5400.0,0.44878571428583100
set058-10-31-19-A3.txt,3,A,A-3,296,58,0.23760517613140600,237.60000000000000,56.5470000000001,0,52.5,0.04400000000000000,5400.0,0.31415
set058-10-31-19-A4.txt,4,A,A-4,276,58,0.4084920912671100,5351.8,2155.6973000000900,61.5,5290.3,0.9910740740740740,5400.0,0.4833076923079630
set058-10-31-19-B1.txt,1,B,B-1,295,58,0.41234734197589200,4968.5,2018.7279000001100,0,4582.600000000000,0.9200925925925930,5400.0,0.6981111111106880
set058-10-31-19-B2.txt,2,B,B-2,302,58,0.3629993862082620,1986.5000000000000,699.926199999999,105.60000000000000,1251.9000000000000,0.3678703703703700,5400.0,0.5235833333333380
set058-10-31-19-B3.txt,3,B,B-3,107,58,0,0,1.2566,0,0,0,5400.0,0
set058-10-31-19-B4.txt,4,B,B-4,252,58,0,0,1.2566,0,0,0,5400.0,0
set059-10-31-19-A1.txt,1,A,A-1,299,59,0.25619434252165200,2597.2000000000000,202.94089999999900,0,813.0,0.48096296296296300,5400.0,0.36958823529395900
set059-10-31-19-A2.txt,2,A,A-2,135,59,0.5235833333333320,0,3.7698000000000000,0,0,0,5400.0,0
set059-10-31-19-A3.txt,3,A,A-3,331,59,0.31556032547699200,58.3,3.1415000000000000,0,53.8,0.010796296296296300,5400.0,0.5711818181818180
set059-10-31-19-A4.txt,4,A,A-4,262,59,0.2496828955312540,1809.5000000000000,141.99580000000000,67.19999999999980,482.90000000000000,0.3350925925925930,5400.0,1.2566
set059-10-31-19-B1.txt,1,B,B-1,280,59,0.16081488095238100,0,6.283,0,0,0,5400.0,0.11219642857142800
set059-10-31-19-B2.txt,2,B,B-2,381,59,0.20045761904761800,0,1.8849,0,0,0,5400.0,0.14959523809523600
set059-10-31-19-B3.txt,3,B,B-3,129,59,0.3245584469796840,2861.6000000000000,87.96200000000000,0,442.5,0.5299259259259260,5400.0,0.4833076923079630
set059-10-31-19-B4.txt,4,B,B-4,65,59,0.36470058599937100,442.1000000000000,6.283,0,414.1000000000000,0.08187037037037040,5400.0,0.4487857142856850
set060-10-31-19-A1.txt,1,A,A-1,50,60,0.2428117708333200,2208.6000000000000,3.7698000000000000,0,2203.3,0.4090000000000000,5400.0,0.25132
set060-10-31-19-A2.txt,2,A,A-2,73,60,0,0,0.6283,0,0,0,5400.0,0
set060-10-31-19-A3.txt,3,A,A-3,114,60,0,0,0,0,0,0,5400.0,0
set060-10-31-19-A4.txt,4,A,A-4,339,60,0.49768286450829800,5268.5,2604.303499999990,0,4800.9,0.9756481481481480,5400.0,0.6283
set060-10-31-19-B1.txt,1,B,B-1,409,60,0,0,1.2566,0,0,0,5400.0,0
set060-10-31-19-B2.txt,2,B,B-2,310,60,0,0,0,0,0,0,5400.0,0
set060-10-31-19-B3.txt,3,B,B-3,263,60,0,0,0,0,0,0,5400.0,0
set060-10-31-19-B4.txt,4,B,B-4,183,60,0.30566032930271700,187.30000000000000,53.40550000000010,0,50.40000000000010,0.034685185185185100,5400.0,0.48330769230762500
set061-10-31-19-A1.txt,1,A,A-1,113,61,0.21506684605330100,4143.0,854.487999999991,139.00000000000000,3628.0000000000000,0.7672222222222220,5400.0,0.8975714285713700
set061-10-31-19-A2.txt,2,A,A-2,349,61,0.461430784387131,3171.0000000000000,40.21120000000000,0,788.1000000000000,0.5872222222222220,5400.0,0.7853750000000450
set061-10-31-19-A3.txt,3,A,A-3,275,61,0.12566,0,2.5132,0,0,0,5400.0,0
set061-10-31-19-A4.txt,4,A,A-4,187,61,0.44970768860288100,65.30000000000070,40.21120000000000,0,25.800000000000100,0.012092592592592700,5400.0,0.8975714285716620
set062-11-01-19-B1.txt,1,B,B-1,120,62,0.2742438138152760,4230.9,1120.8871999999900,191.9,3941.0,0.7835,5400.0,0.5235833333333130
set062-11-01-19-B2.txt,2,B,B-2,375,62,0,0,0,0,0,0,5400.0,0
set062-11-01-19-B3.txt,3,B,B-3,78,62,0,0,0,0,0,0,5400.0,0
set062-11-01-19-B4.txt,4,B,B-4,404,62,0.2841337298531950,5288.200000000000,1298.0678000000200,0,4630.900000000000,0.9792962962962960,5400.0,0.5711818181818650
set063-11-01-19-A1.txt,1,A,A-1,205,63,0,0,0,0,0,0,5400.0,0
set063-11-01-19-A2.txt,2,A,A-2,335,63,0,0,0,0,0,0,5400.0,0
set063-11-01-19-A3.txt,3,A,A-3,314,63,0,0,0,0,0,0,5400.0,0
set063-11-01-19-A4.txt,4,A,A-4,96,63,0.41999348743816100,5394.4,2244.9159000000700,0,5394.4,0.9989629629629630,5400.0,0.5711818181818360
set063-11-01-19-B1.txt,1,B,B-1,132,63,0.3225459625206970,5397.900000000000,1713.3741000000700,0,5397.900000000000,0.9996111111111110,5400.0,0.6283
set063-11-01-19-B2.txt,2,B,B-2,271,63,0,0,0,0,0,0,5400.0,0
set063-11-01-19-B3.txt,3,B,B-3,198,63,0,0,0,0,0,0,5400.0,0
set063-11-01-19-B4.txt,4,B,B-4,372,63,0,0,0,0,0,0,5400.0,0
set064-11-01-19-B1.txt,1,B,B-1,254,64,0.1698108108108090,0,2.5132,0,0,0,5400.0,0
set064-11-01-19-B2.txt,2,B,B-2,35,64,0.2492853980986590,1371.7000000000000,3.7698000000000000,0,1368.3000000000000,0.2540185185185190,5400.0,0.5235833333334130
set064-11-01-19-B3.txt,3,B,B-3,397,64,0,0,0,0,0,0,5400.0,0
set064-11-01-19-B4.txt,4,B,B-4,311,64,0.23956843260080100,2022.9000000000000,13.194300000000000,0,1335.4,0.37461111111111100,5400.0,0.41886666666666700
set065-11-01-19-A1.txt,1,A,A-1,154,65,0,0,0,0,0,0,5400.0,0
set065-11-01-19-A2.txt,2,A,A-2,139,65,0,0,0.6283,0,0,0,5400.0,0
set065-11-01-19-A3.txt,3,A,A-3,226,65,0.326995253341148,4630.5,1494.0974000000400,0,4539.5,0.8575,5400.0,0.5235833333333380
set065-11-01-19-A4.txt,4,A,A-4,288,65,0.3152096069681040,4387.4,1368.4374000000300,103.80000000000000,3198.8,0.8124814814814810,5400.0,0.5711818181818210
set065-11-01-19-B1.txt,1,B,B-1,346,65,0,0,0,0,0,0,5400.0,0
set065-11-01-19-B2.txt,2,B,B-2,306,65,0,0,0,0,0,0,5400.0,0
set065-11-01-19-B3.txt,3,B,B-3,330,65,0.5144899672426210,5397.600000000000,2742.529499999950,0,5397.600000000000,0.9995555555555550,5400.0,0.8975714285710790
set065-11-01-19-B4.txt,4,B,B-4,329,65,0.37173630745631200,2906.8,276.45200000000000,71.10000000000000,612.1000000000000,0.5382962962962960,5400.0,0.5711818181818650
set066-11-01-19-A1.txt,1,A,A-1,131,66,0,0,0,0,0,0,5400.0,0
set066-11-01-19-A2.txt,2,A,A-2,119,66,0,0,0.6283,0,0,0,5400.0,0
set066-11-01-19-A3.txt,3,A,A-3,126,66,0.4287472108024370,5397.2,2248.6857000000700,0,5397.2,0.9994814814814810,5400.0,0.6283
set066-11-01-19-A4.txt,4,A,A-4,410,66,0.1396222222222220,0,11.937700000000000,0,0,0,5400.0,0
set066-11-01-19-B1.txt,1,B,B-1,313,66,0.20475457166610700,5068.5,993.3422999999840,0,2549.0,0.9386111111111110,5400.0,0.5711818181818180
set066-11-01-19-B2.txt,2,B,B-2,342,66,0,0,1.2566,0,0,0,5400.0,0
set066-11-01-19-B3.txt,3,B,B-3,146,66,0,0,0,0,0,0,5400.0,0
set067-11-04-19-A1.txt,1,A,A-1,125,67,0.2571863841603400,4291.200000000000,1022.2440999999800,186.59999999999900,3772.2,0.8163296364639410,5256.7,0.4833076923077090
set067-11-04-19-A2.txt,2,A,A-2,257,67,0.2511914338909560,3342.4,740.7656999999970,0,2242.7,0.6358361709817950,5256.7,0.5235833333334130
set067-11-04-19-A3.txt,3,A,A-3,30,67,0.6133404761904750,0,3.1415000000000000,0,0,0,5256.7,1.0471666666666600
set067-11-04-19-A4.txt,4,A,A-4,109,67,0.3989720781165800,5145.100000000000,1742.275900000080,0,4371.2,0.9787699507295450,5256.7,0.5711818181818060
set067-11-04-19-B1.txt,1,B,B-1,390,67,0.7401917121438490,123.99999999999900,32.671600000000000,0,49.19999999999980,0.022962962962962800,5400.0,1.2566
set067-11-04-19-B2.txt,2,B,B-2,69,67,0,0,0,0,0,0,5400.0,0
set067-11-04-19-B3.txt,3,B,B-3,380,67,0.4469876407163710,5013.2,2226.695200000070,0,4700.600000000000,0.9283703703703700,5400.0,0.6283
set067-11-04-19-B4.txt,4,B,B-4,320,67,0,0,0,0,0,0,5400.0,0
set068-11-04-19-A1.txt,1,A,A-1,408,68,0,0,0,0,0,0,5400.0,0
set068-11-04-19-A2.txt,2,A,A-2,98,68,0,0,0,0,0,0,5400.0,0
set068-11-04-19-A3.txt,3,A,A-3,343,68,0,0,0,0,0,0,5400.0,0
set068-11-04-19-A4.txt,4,A,A-4,116,68,0.3246278886908360,1808.2,33.92820000000000,0,1166.4,0.33485185185185200,5400.0,0.3695882352941570
set068-11-04-19-B1.txt,1,B,B-1,235,68,0.36440343986227300,3084.9000000000000,115.60720000000000,62.30000000000010,719.9000000000000,0.5712777777777780,5400.0,0.6981111111111120
set068-11-04-19-B2.txt,2,B,B-2,101,68,0.4237944025924310,4987.500000000000,2075.274900000110,84.30000000000000,4532.800000000000,0.9236111111111110,5400.0,0.6981111111111070
set068-11-04-19-B3.txt,3,B,B-3,315,68,0,0,0.6283,0,0,0,5400.0,0
set068-11-04-19-B4.txt,4,B,B-4,111,68,0.3641638355387660,338.9000000000010,111.20910000000000,87.70000000000000,87.70000000000000,0.0627592592592594,5400.0,0.6283
set069-11-04-19-A1.txt,1,A,A-1,149,69,0,0,0,0,0,0,5400.0,0
set069-11-04-19-A2.txt,2,A,A-2,89,69,0.26945388016596400,4597.6,1105.8079999999900,282.5,2725.9,0.8514074074074080,5400.0,0.5711818181816290
set069-11-04-19-A3.txt,3,A,A-3,261,69,0.4137763986911060,3868.3,1290.5282000000200,87.10000000000040,3047.7000000000000,0.7163518518518520,5400.0,0.6283
set069-11-04-19-A4.txt,4,A,A-4,68,69,0.20479184390936300,2716.5,12.566000000000000,0,2680.6,0.5030555555555560,5400.0,0.6283
set069-11-04-19-B1.txt,1,B,B-1,204,69,0,0,0,0,0,0,5400.0,0
set069-11-04-19-B2.txt,2,B,B-2,249,69,0,0,0.6283,0,0,0,5400.0,0
set069-11-04-19-B3.txt,3,B,B-3,128,69,0,0,0,0,0,0,5400.0,0
set069-11-04-19-B4.txt,4,B,B-4,328,69,0.2946229005897000,4139.000000000000,1168.0097000000000,76.0,3687.7,0.7664814814814810,5400.0,0.5235833333332140
set070-11-04-19-A1.txt,1,A,A-1,319,70,0.42543219881670100,5396.8,2265.021500000060,0,5396.8,0.9994074074074070,5400.0,0.6283
set070-11-04-19-A2.txt,2,A,A-2,15,70,0,0,1.2566,0,0,0,5400.0,0
set070-11-04-19-A3.txt,3,A,A-3,99,70,0.3121318315708350,5343.600000000000,1622.2706000000600,0,5343.600000000000,0.9895555555555550,5400.0,0.5711818181818180
set070-11-04-19-A4.txt,4,A,A-4,283,70,0.34905555555555300,0,3.1415000000000000,0,0,0,5400.0,0
set070-11-04-19-B1.txt,1,B,B-1,124,70,0.32168052951948400,3251.2,5.0264,0,1877.3,0.6020740740740740,5400.0,0.3695882352941180
set070-11-04-19-B2.txt,2,B,B-2,278,70,0,0,0.6283,0,0,0,5400.0,0
set070-11-04-19-B3.txt,3,B,B-3,34,70,0,0,0,0,0,0,5400.0,0
set070-11-04-19-B4.txt,4,B,B-4,354,70,0,0,0,0,0,0,5400.0,0
set071-11-04-19-A1.txt,1,A,A-1,353,71,0.60954245513415,1215.6,14.450900000000000,0,1195.2000000000000,0.2251111111111110,5400.0,1.0471666666668300
set071-11-04-19-A2.txt,2,A,A-2,259,71,0.3024774366277400,640.0,7.539600000000000,0,630.3000000000000,0.11851851851851900,5400.0,0.6283
set071-11-04-19-A3.txt,3,A,A-3,91,71,0.3257276298751250,5397.0,1736.6212000000700,0,5397.0,0.9994444444444450,5400.0,0.5235833333333330
set071-11-04-19-A4.txt,4,A,A-4,155,71,0.43255341047841400,6.5,5.0264,0,6.5,0.0012037037037037000,5400.0,0.5711818181818650
set072-11-05-19-A1_136.txt,1,A,A-1,136,72,0.2721096743875720,22.90000000000010,3.1415000000000000,0,22.90000000000010,0.005075804592605750,4511.6,0.3306842105263000
set072-11-05-19-A1_404.txt,1,A,A-1,404,72,0.43942910378839700,33165.5,14320.213600004700,0,33165.5,0.7705756751293570,43039.9,0.6283
set072-11-05-19-A1_84.txt,1,A,A-1,84,72,0.26262824525968700,78.0,19.477300000000000,60.30000000000000,60.300000000000000,0.036220106802879000,2153.5,0.3926875000000220
set072-11-05-19-A2_302.txt,2,A,A-2,302,72,0.29824701971852000,8824.400000000000,2462.307700000020,0,7827.300000000000,0.6270446955162370,14073.0,0.5235833333333330
set072-11-05-19-A2_311.txt,2,A,A-2,311,72,0.42188733974355500,4.399999999999640,4.3981000000000000,0,4.399999999999640,0.00010223072079627600,43039.9,0.41886666666666700
set072-11-05-19-A2_328.txt,2,A,A-2,328,72,0.33602373037989300,77.89999999999960,28.273500000000000,0,45.899999999999600,0.004858425845079180,16034.0,0.5235833333338100
set072-11-05-19-A3_152.txt,3,A,A-3,152,72,0.41623417626420600,67.09999999999990,29.530100000000000,0,31.59999999999990,0.014660898444327900,4576.8,0.5711818181818650
set072-11-05-19-A3_197.txt,3,A,A-3,197,72,0.2841531874144700,1027.0,3.1415000000000000,0,1021.0,0.1477506509948350,6950.9,0.3695882352941570
set072-11-05-19-A3_295.txt,3,A,A-3,295,72,0.3174682321086960,12436.4,3870.3279999996900,0,12436.4,0.2889504854797530,43039.9,0.5711818181825740
set072-11-05-19-A3_96.txt,3,A,A-3,96,72,0.33596918365457800,47.49999999999970,17.592400000000000,0,21.300000000000000,0.0213463958295882,2225.2,0.44878571428572200
set072-11-05-19-A4_132.txt,4,A,A-4,132,72,0.34394375055883500,30148.000000000000,10201.078800002600,0,30098.200000000000,0.7004663114923590,43039.9,0.4833076923079630
set072-11-05-19-A4_288.txt,4,A,A-4,288,72,0.36144422389817200,66.40000000000010,37.069700000000000,0,38.20000000000030,0.01423182441700960,4665.6,0.48330769230779400
set072-11-05-19-A4_67.txt,4,A,A-4,67,72,0.3217604932234810,1786.5,23.24710000000000,162.90000000000000,878.4,0.7831747840953930,2281.1,0.44878571428572200
set072-11-05-19-B1_339.txt,1,B,B-1,339,72,0.20755608908901700,25036.800000000000,4996.86990000008,122.09999999999900,9743.8,0.5801921552814900,43152.6,0.6283
set072-11-05-19-B2_123.txt,2,B,B-2,123,72,0.2617916666666570,0,1.8849,0,0,0,4715.8,0
set072-11-05-19-B2_312.txt,2,B,B-2,312,72,0.28714986280355600,516.1000000000000,12.566000000000000,0,488.6000000000000,0.214898401065956,2401.6,0.44878571428571500
set072-11-05-19-B2_319.txt,2,B,B-2,319,72,0.36409415173159800,27757.200000000000,10027.03970000260,0,27757.200000000000,0.6432335479206350,43152.6,0.5235833333334130
set072-11-05-19-B2_387.txt,2,B,B-2,387,72,0.2651662176333030,716.8000000000000,6.283,0,708.1000000000000,0.10178348290355600,7042.4,0.29919047619055400
set072-11-05-19-B3_318.txt,3,B,B-3,318,72,0.33190246910311400,23.299999999999300,9.4245,0,21.599999999998500,0.000539944290726382,43152.6,0.44878571428524800
set072-11-05-19-B3_349.txt,3,B,B-3,349,72,0.15104892356478200,9199.2,1332.624300000020,62.399999999999600,5350.300000000000,0.5686627227713590,16176.9,0.44878571428583100
set072-11-05-19-B3_95.txt,3,B,B-3,95,72,0.3383732575255050,3805.0,1244.6623000000100,0,3805.0,0.789288084965151,4820.8,0.5711818181818210
set072-11-05-19-B4_261.txt,4,B,B-4,261,72,0.32855859566162300,17495.700000000000,5618.258600000390,0,17495.700000000000,0.40543791104128100,43152.6,0.5235833333334130
set072-11-05-19-B4_299.txt,4,B,B-4,299,72,0.2854957519199310,38.29999999999970,11.309400000000000,0,18.899999999999600,0.007795485538661890,4913.1,0.3926875000000220
set072-11-05-19-B4_308.txt,4,B,B-4,308,72,0.27885913927263000,119.60000000000000,32.04330000000000,68.0,68.0,0.04859418169998370,2461.2,0.44878571428571200
set072-11-05-19-B4_416.txt,4,B,B-4,416,72,0.23230678913519000,7.199999999999820,3.1415000000000000,0,7.199999999999820,0.0010030788949413900,7177.9,0.25132
set073-11-06-19-A1_125.txt,1,A,A-1,125,73,0.3167119352797980,2644.4,806.7371999999930,0,2534.3,0.489649298226123,5400.6,0.4833076923077090
set073-11-06-19-A1_99.txt,1,A,A-1,99,73,0.3609440942337380,25398.4,8994.114500002040,175.20000000000000,20189.0,0.50382454692608,50411.2,0.8975714285704960
set073-11-06-19-A2_113.txt,2,A,A-2,113,73,0.2860326364918620,16985.600000000000,4706.595299999940,0,16951.100000000000,0.3369409972387090,50411.2,0.448785714286414
set073-11-06-19-A2_183.txt,2,A,A-2,183,73,0.3362853864794310,1316.0,414.049700000005,135.70000000000100,702.9000000000000,0.10632625030298100,12377.0,0.6283
set073-11-06-19-A2_329.txt,2,A,A-2,329,73,0.3865464031711280,606.0000000000000,228.07289999999900,0,552.8,0.2482487403219860,2441.1,0.5235833333333340
set073-11-06-19-A2_91.txt,2,A,A-2,91,73,0.25232556158182500,5638.1,1375.9770000000300,0,5638.1,0.5637761734295940,10000.6,0.44878571428583100
set073-11-06-19-A3_109.txt,3,A,A-3,109,73,0.3919691686678360,1875.200000000000,36.4414,0,727.7000000000000,0.24050584206543600,7796.9,0.5711818181816290
set073-11-06-19-A3_257.txt,3,A,A-3,257,73,0.31150231496767900,743.2000000000000,24.503700000000000,0,668.4000000000000,0.13718758075829700,5417.4,0.4833076923079630
set073-11-06-19-A3_296.txt,3,A,A-3,296,73,0.2169373595261060,967.9000000000000,18.220700000000000,0,891.3000000000000,0.3940479583112810,2456.3,0.34905555555555600
set073-11-06-19-A3_336.txt,3,A,A-3,336,73,0,0,0,0,0,0,10059.4,0
set073-11-06-19-A3_50.txt,3,A,A-3,50,73,0,0,0,0,0,0,12461.5,0
set073-11-06-19-A3_89.txt,3,A,A-3,89,73,0.3217175282631400,34548.900000000000,10652.198200002900,145.8000000000030,31128.2,0.6853417494525030,50411.2,0.5235833333338100
set073-11-06-19-A4_111.txt,4,A,A-4,111,73,0.19454608986224700,1578.4000000000000,36.4414,278.7,715.9,0.6378404590640910,2474.6,0.44878571428571500
set073-11-06-19-A4_116.txt,4,A,A-4,116,73,0.38128181178302,7.200000000000730,3.1415000000000000,0,7.200000000000730,0.0007110759962471710,10125.5,0.4833076923079630
set073-11-06-19-A4_123.txt,4,A,A-4,123,73,0.31014170653895900,834.7000000000010,3.7698000000000000,0,832.7999999999990,0.01655782841908150,50411.2,0.31415
set073-11-06-19-A4_129.txt,4,A,A-4,129,73,0.3606740165672400,41.09999999999490,18.849000000000000,0,33.19999999999710,0.001570344558813220,26172.6,0.4833076923079630
set073-11-06-19-A4_155.txt,4,A,A-4,155,73,0,0,0,0,0,0,12516.1,0
set073-11-06-19-A4_226.txt,4,A,A-4,226,73,0.1728210752951370,718.6000000000000,24.503700000000000,0,639.5000000000000,0.1323729875105920,5428.6,0.3306842105263790
set073-11-06-19-A4_300.txt,4,A,A-4,300,73,0,0,1.2566,0,0,0,16804.9,0
set073-11-06-19-A4_308.txt,4,A,A-4,308,73,0.27301251261934300,58.49999999999640,17.592400000000000,0,22.399999999997800,0.0024442011849151600,23934.2,0.5711818181825740
set073-11-06-19-A4_328.txt,4,A,A-4,328,73,0.36252511041382300,50.00000000000360,20.73390000000000,0,24.900000000001500,0.001769178782592830,28261.7,0.5711818181806850
set073-11-06-19-A4_380.txt,4,A,A-4,380,73,0.15972574750755400,23.399999999999600,4.3981000000000000,0,23.399999999999600,0.0015990706256192700,14633.5,0.12319607843140800
set073-11-06-19-A4_68.txt,4,A,A-4,68,73,0,0,0.6283,0,0,0,7880.1,0
set073-11-06-19-A4_84.txt,4,A,A-4,84,73,0.17806793115766000,91.0,19.477300000000000,0,29.100000000002200,0.004190690220494780,21714.8,0.28559090909081500
set073-11-06-19-A4_92.txt,4,A,A-4,92,73,0.11022807017542500,0,4.3981000000000000,0,0,0,18959.6,0
set073-11-06-19-B1_101.txt,1,B,B-1,101,73,0.1992961747680220,1556.6000000000000,28.901800000000000,0,1393.1000000000000,0.2907304682392930,5354.1,0.3926875000001340
set073-11-06-19-B1_120.txt,1,B,B-1,120,73,0.31953304963943600,13990.1,4437.682899999810,0,13990.1,0.537437910806689,26031.1,0.448785714286414
set073-11-06-19-B1_126.txt,1,B,B-1,126,73,0.40997502501956200,521.2000000000010,212.36539999999900,0,474.10000000000000,0.05212834053448560,9998.4,0.6981111111113930
set073-11-06-19-B1_276.txt,1,B,B-1,276,73,0.22418559605534300,633.2,9.4245,0,621.9000000000000,0.25971043025306600,2438.1,0.31415
set073-11-06-19-B1_311.txt,1,B,B-1,311,73,0,0,0.6283,0,0,0,27963.3,0
set073-11-06-19-B1_376.txt,1,B,B-1,376,73,0.25537453274807100,1912.3000000000000,429.7572000000060,159.10000000000000,1386.1000000000000,0.2441088615997350,7833.8,0.7853749999998210
set073-11-06-19-B2_103.txt,2,B,B-2,103,73,0.24778038251412600,25.300000000000200,10.0528,0,14.300000000000200,0.0031954127513388100,7917.6,0.3695882352941570
set073-11-06-19-B2_12.txt,2,B,B-2,12,73,0,0,0,0,0,0,16665.5,0
set073-11-06-19-B2_124.txt,2,B,B-2,124,73,0.3056828447766930,665.4000000000000,4.3981000000000000,0,661.6000000000000,0.0661161951888395,10064.1,0.41886666666666700
set073-11-06-19-B2_129.txt,2,B,B-2,129,73,0.2424013178531220,614.3000000000000,18.220700000000000,191.2,389.30000000000000,0.24895643363728500,2467.5,0.330684210526316
set073-11-06-19-B2_136.txt,2,B,B-2,136,73,0.18688405112047300,6.599999999998550,1.8849,0,6.599999999998550,0.0002769560017623860,23830.5,0.18479411764717700
set073-11-06-19-B2_259.txt,2,B,B-2,259,73,0,0,0,0,0,0,19338.9,0
set073-11-06-19-B2_262.txt,2,B,B-2,262,73,0,0,0.6283,0,0,0,12396.5,0
set073-11-06-19-B2_299.txt,2,B,B-2,299,73,0.34779783476404200,12.799999999999300,6.911300000000000,0,6.899999999997820,0.0004906827774178310,26086.1,0.44878571428524800
set073-11-06-19-B2_318.txt,2,B,B-2,318,73,0.29246094934085000,1327.6000000000000,5.6547,0,677.8999999999980,0.04747651385923690,27963.3,0.4833076923079630
set073-11-06-19-B2_323.txt,2,B,B-2,323,73,0.2610961415402440,2108.6,530.2852000000080,0,2068.1,0.3928897501350870,5366.9,0.41886666666666700
set073-11-06-19-B2_90.txt,2,B,B-2,90,73,0,0,0,0,0,0,14475.3,0
set073-11-06-19-B2_96.txt,2,B,B-2,96,73,0.39080066618127100,708.7000000000010,11.309400000000000,0,662.6000000000020,0.0328085143812121,21601.1,1.2566
set073-11-06-19-B3_152.txt,3,B,B-3,152,73,0.5157847537383740,12.899999999997800,10.0528,0,9.200000000000730,0.0005400540054004490,23886.5,0.6981111111128040
set073-11-06-19-B3_197.txt,3,B,B-3,197,73,0.2989081859322860,18.599999999998500,6.283,0,9.799999999999270,0.000665157545783171,27963.3,0.448785714286414
set073-11-06-19-B3_313.txt,3,B,B-3,313,73,0.22987620276454300,609.9,11.309400000000000,0,581.8,0.24559072239671400,2483.4,0.3926874999999980
set073-11-06-19-B3_351.txt,3,B,B-3,351,73,0.3697835322253320,16169.600000000000,5904.135100000530,0,16169.600000000000,0.8356036959712260,19350.8,0.5711818181818650
set073-11-06-19-B3_67.txt,3,B,B-3,67,73,0.27259093067106300,641.6000000000020,11.937700000000000,0,612.1000000000020,0.029592321493637500,21681.3,0.8975714285704960
set073-11-06-19-B4_223.txt,4,B,B-4,223,73,0,0,0,0,0,0,16685.4,0
set073-11-06-19-B4_235.txt,4,B,B-4,235,73,0.29113479091969400,77.89999999999960,23.24710000000000,0,43.100000000000400,0.006263165511585620,12437.8,0.44878571428583100
set073-11-06-19-B4_288.txt,4,B,B-4,288,73,0.416388742209193,121.80000000000300,47.750800000000100,87.40000000000150,87.40000000000150,0.005083939259865380,23957.8,0.5711818181825740
set073-11-06-19-B4_312.txt,4,B,B-4,312,73,0.20326766141564500,109.10000000000200,21.99050000000000,0,44.79999999999930,0.005015907460875100,21750.8,0.3490555555549910
set073-11-06-19-B4_320.txt,4,B,B-4,320,73,0.3773595482637380,18.899999999997800,5.0264,0,18.899999999997800,0.0009761589951242570,19361.6,0.8975714285704960
set073-11-06-19-B4_330.txt,4,B,B-4,330,73,0.2797120285196870,5098.6,1324.456400000020,0,5049.200000000000,0.5032970070283500,10130.4,0.48330769230779400
set073-11-06-19-B4_332.txt,4,B,B-4,332,73,0.30276236431533900,189.50000000000000,48.37910000000010,70.30000000000000,70.30000000000000,0.07592755829794060,2495.8,0.5235833333333320
set073-11-06-19-B4_387.txt,4,B,B-4,387,73,0.3444890399612980,8.599999999998550,5.6547,0,4.599999999998550,0.00030754596202875,27963.3,0.448785714286414
set073-11-06-19-B4_73.txt,4,B,B-4,73,73,0,0,0,0,0,0,14537.4,0
set074-11-07-19-A1_155.txt,1,A,A-1,155,74,0,0,0,0,0,0,9096.4,0
set074-11-07-19-A1_226.txt,1,A,A-1,226,74,0.2372264716126640,1546.9,3.1415000000000000,0,1544.7000000000000,0.34401547836142900,4496.6,0.28559090909087400
set074-11-07-19-A1_320.txt,1,A,A-1,320,74,0,0,0,0,0,0,18133.0,0
set074-11-07-19-A1_329.txt,1,A,A-1,329,74,0,0,0,0,0,0,2292.3,0
set074-11-07-19-A1_336.txt,1,A,A-1,336,74,0.37009118002477800,883.7000000000000,63.45830000000010,156.70000000000000,718.2000000000000,0.1301376923643330,6790.5,0.41886666666666700
set074-11-07-19-A1_73.txt,1,A,A-1,73,74,0,0,0,0,0,0,11302.0,0
set074-11-07-19-A1_84.txt,1,A,A-1,84,74,0.3265518738836020,917.8999999999980,10.681100000000000,0,893.7999999999990,0.021237066651859200,43221.6,0.4833076923066100
set074-11-07-19-A2_101.txt,2,A,A-2,101,74,0.3091313772911730,16958.0,4956.03040000006,0,16958.0,0.3923501212356790,43221.6,0.5235833333334130
set074-11-07-19-A2_296.txt,2,A,A-2,296,74,0.3667860005952460,36.600000000000000,12.566000000000000,0,21.4,0.015569167942828000,2350.8,0.6283
set074-11-07-19-A3_109.txt,3,A,A-3,109,74,0.2878115355912120,22894.0,6499.763500000820,0,20624.900000000000,0.5296888592740670,43221.6,1.2566
set074-11-07-19-A3_111.txt,3,A,A-3,111,74,0.47328470530304,68.30000000000000,30.786700000000000,0,39.2,0.028080417711631000,2432.3,0.6981111111111070
set074-11-07-19-A4_276.txt,4,A,A-4,276,74,0.4446610776901690,39522.100000000000,16604.084100005800,0,37000.0,0.9144062228145190,43221.6,1.2566
set074-11-07-19-B1_116.txt,1,B,B-1,116,74,0.19611843397582900,927.8000000000000,7.539600000000000,0,910.5,0.14035459276291900,6610.4,0.2855909090909330
set074-11-07-19-B1_12.txt,1,B,B-1,12,74,0,0,0.6283,0,0,0,11156.5,0
set074-11-07-19-B1_129.txt,1,B,B-1,129,74,0.15205791797092500,1058.7,12.566000000000000,190.90000000000000,794.3,0.4616088947024200,2293.5,0.27317391304348400
set074-11-07-19-B1_262.txt,1,B,B-1,262,74,0,0,0,0,0,0,8923.5,0
set074-11-07-19-B1_300.txt,1,B,B-1,300,74,0,0,0,0,0,0,17300.0,0
set074-11-07-19-B1_68.txt,1,B,B-1,68,74,0,0,0,0,0,0,4346.1,0
set074-11-07-19-B2_126.txt,2,B,B-2,126,74,0.32999944193718000,229.5000000000010,74.13940000000010,208.30000000000000,208.30000000000000,0.03442999234889070,6665.7,0.48330769230762500
set074-11-07-19-B2_223.txt,2,B,B-2,223,74,0,0,0,0,0,0,17300.0,0
set074-11-07-19-B2_235.txt,2,B,B-2,235,74,0.2976722408239050,1366.4000000000000,30.786700000000000,163.79999999999900,708.7999999999990,0.15078182761170100,9062.1,0.48330769230762500
set074-11-07-19-B2_313.txt,2,B,B-2,313,74,0.3095443316972040,2567.1000000000000,773.4372999999950,0,2532.5,0.5671770398356200,4526.1,1.2566
set074-11-07-19-B3_124.txt,3,B,B-3,124,74,0,0,0,0,0,0,6709.5,0
set074-11-07-19-B3_332.txt,3,B,B-3,332,74,0.49060443524090100,4357.2,2029.409000000110,0,4357.2,0.9552958716099190,4561.1,0.7853750000000450
set074-11-07-19-B3_380.txt,3,B,B-3,380,74,0,0,0,0,0,0,9117.0,0
set074-11-07-19-B3_92.txt,3,B,B-3,92,74,0,0,0,0,0,0,17300.0,0
set074-11-07-19-B4_103.txt,4,B,B-4,103,74,0.31995075202233700,35.19999999999940,13.822600000000000,0,18.59999999999990,0.0076188827081663500,4620.1,0.5235833333332140
set074-11-07-19-B4_257.txt,4,B,B-4,257,74,0.3529858976767620,41.0,14.450900000000000,0,41.0,0.017469109501491300,2347.0,0.4833076923076930
set074-11-07-19-B4_259.txt,4,B,B-4,259,74,0,0,0,0,0,0,17300.0,0
set074-11-07-19-B4_50.txt,4,B,B-4,50,74,0,0,0,0,0,0,6767.1,0
set074-11-07-19-B4_90.txt,4,B,B-4,90,74,0,0,0,0,0,0,9127.1,0
set075-11-07-19-B1_308.txt,1,B,B-1,308,75,0.21031568172691700,13.300000000000100,6.283,0,10.200000000000000,0.0037647192028985900,3532.8,0.25132
set075-11-07-19-B2_96.txt,2,B,B-2,96,75,0.2247474975651530,19.89999999999990,6.911300000000000,0,8.800000000000010,0.0056329257246376600,3532.8,0.34905555555556400
set075-11-07-19-B3_67.txt,3,B,B-3,67,75,0.2870302609785540,892.7,6.911300000000000,0,880.8,0.25268908514492800,3532.8,0.41886666666666700
set075-11-07-19-B4_312.txt,4,B,B-4,312,75,0.34917723031805500,1300.7,447.9779000000060,0,1283.0,0.36817821557971000,3532.8,0.5235833333333130
set076-11-08-19-A1_136.txt,1,A,A-1,136,76,0,0,0.6283,0,0,0,27049.6,0
set076-11-08-19-A1_152.txt,1,A,A-1,152,76,0.37905697186049300,2239.0,794.799499999994,0,1720.1000000000000,0.5140862856749250,4355.3,0.5711818181818360
set076-11-08-19-A1_257.txt,1,A,A-1,257,76,0.2215399924714990,30.100000000000400,7.539600000000000,0,30.100000000000400,0.0044784335897398300,6721.1,0.27317391304356500
set076-11-08-19-A2_226.txt,2,A,A-2,226,76,0.218485688451618,199.09999999999900,6.911300000000000,167.20000000000000,167.20000000000000,0.007360552466579890,27049.6,0.3306842105263790
set076-11-08-19-A2_288.txt,2,A,A-2,288,76,0.29003704894603300,3438.7000000000000,906.6368999999880,0,3438.7000000000000,0.7704216516556890,4463.4,0.4833076923076990
set076-11-08-19-A3_103.txt,3,A,A-3,103,76,0.6204831005476050,137.59999999999700,73.51110000000010,97.69999999999710,97.69999999999710,0.0050869513782088000,27049.6,1.2566
set076-11-08-19-A3_123.txt,3,A,A-3,123,76,0,0,0,0,0,0,2159.4,0
set076-11-08-19-A3_318.txt,3,A,A-3,318,76,0,0,1.2566,0,0,0,4478.8,0
set076-11-08-19-A4_299.txt,4,A,A-4,299,76,0.34420670338496500,729.5000000000000,11.309400000000000,0,704.2000000000000,0.33062907904278500,2206.4,0.41886666666666700
set076-11-08-19-A4_329.txt,4,A,A-4,329,76,0.4707228007973050,785.3000000000000,365.0423000000030,0,785.3000000000000,0.17225646537542000,4558.9,0.5711818181818650
set076-11-08-19-A4_336.txt,4,A,A-4,336,76,0.17448563749252800,17160.0,3411.040699999800,86.59999999999850,16409.1,0.6343901573405890,27049.6,0.44878571428583100
set076-11-08-19-B1_116.txt,1,B,B-1,116,76,0.10649152542373500,0,1.8849,0,0,0,7128.9,0
set076-11-08-19-B1_197.txt,1,B,B-1,197,76,0.3070246183490240,11.80000000000010,4.3981000000000000,0,9.400000000000000,0.005576823101280820,2115.9,0.5711818181818180
set076-11-08-19-B1_296.txt,1,B,B-1,296,76,0.5337370800622030,113.10000000000000,31.41500000000000,0,47.40000000000010,0.025316739042843800,4467.4,1.2566
set076-11-08-19-B2_111.txt,2,B,B-2,111,76,0.3461258276617840,758.2000000000000,17.592400000000000,132.20000000000000,599.5,0.16756171407102900,4524.9,0.5235833333334130
set076-11-08-19-B2_126.txt,2,B,B-2,126,76,0.2664409861915610,2053.5,515.8343000000090,0,1059.9000000000000,0.2880528552792160,7128.9,0.41886666666666700
set076-11-08-19-B2_387.txt,2,B,B-2,387,76,0.2634034672118010,1448.3000000000000,4.3981000000000000,0,1435.7000000000000,0.6638401246734200,2181.7,0.31415
set076-11-08-19-B3_124.txt,3,B,B-3,124,76,0,0,1.2566,0,0,0,7128.9,0
set076-11-08-19-B3_328.txt,3,B,B-3,328,76,0.37130618141060300,2216.5,809.8786999999930,0,2206.3,0.4867149758454110,4554.0,0.4833076923077090
set076-11-08-19-B4_129.txt,4,B,B-4,129,76,0.32474399985883600,91.40000000000010,19.477300000000000,0,39.90000000000010,0.019858772406300900,4602.5,0.5235833333332140
set076-11-08-19-B4_235.txt,4,B,B-4,235,76,0.3193002688856950,78.20000000000070,26.388600000000000,0,30.600000000000400,0.010969434274572600,7128.9,0.5235833333330160
set076-11-08-19-B4_311.txt,4,B,B-4,311,76,0.21346235934664200,14.100000000000000,3.1415000000000000,0,14.100000000000000,0.006255823239717830,2253.9,0.20943333333333300